id_lote,fecha,brix,ph,temperatura,proveedor
1001,2024-01-01 00:00:00,12.248357076505616,6.8399355436586005,5.331979201065325,Finca C
1002,2024-01-01 01:00:00,11.930867849414408,6.792463368291277,3.797044298631087,Finca C
1003,2024-01-01 02:00:00,12.323844269050346,6.705963036992018,5.069692402862657,Finca B
1004,2024-01-01 03:00:00,12.761514928204013,6.635306322229443,3.999491444560917,Finca B
1005,2024-01-01 04:00:00,11.882923312638333,6.769822331361359,7.1370584450415,Finca A
1006,2024-01-01 05:00:00,11.88293152152541,6.739348538542175,7.764596116840118,Finca B
1007,2024-01-01 06:00:00,12.789606407753695,6.789519322002773,3.8254241386607237,Finca B
1008,2024-01-01 07:00:00,12.383717364576455,6.763517180168197,7.798018432812657,Finca B
1009,2024-01-01 08:00:00,11.765262807032524,6.8049552715319335,5.851594697015353,Finca C
1010,2024-01-01 09:00:00,12.271280021792982,6.646476478843943,4.848045550792433,Finca B
1011,2024-01-01 10:00:00,11.768291153593768,6.8317394065634325,3.8458793387427357,Finca C
1012,2024-01-01 11:00:00,11.76713512321487,6.71975996046924,5.75280920631688,Finca A
1013,2024-01-01 12:00:00,12.120981135783017,6.907526087262527,7.075319950208369,Finca A
1014,2024-01-01 13:00:00,11.0433598776711,6.631081218191043,6.681889147700142,Finca C
1015,2024-01-01 14:00:00,11.137541083743484,6.873596380316525,3.726017051587882,Finca C
1016,2024-01-01 15:00:00,11.718856235379514,6.719791078346265,3.828058259155566,Finca C
1017,2024-01-01 16:00:00,11.493584439832787,6.634858199638555,5.312929771846867,Finca B
1018,2024-01-01 17:00:00,12.157123666297636,6.651611416594568,4.828807223215745,Finca A
1019,2024-01-01 18:00:00,11.545987962239394,6.667965269180568,4.545729453752215,Finca C
1020,2024-01-01 19:00:00,11.293848149332355,6.742416594640192,4.764520245089211,Finca B
1021,2024-01-01 20:00:00,12.732824384460777,6.75228354880355,7.11567234483598,Finca A
1022,2024-01-01 21:00:00,11.887111849756732,6.642629999606142,7.6815262413433425,Finca B
1023,2024-01-01 22:00:00,12.033764102343962,5.5,5.322962125374049,Finca A
1024,2024-01-01 23:00:00,11.287625906893272,6.914227035861186,7.577499509596237,Finca B
1025,2024-01-02 00:00:00,11.72780863773741,6.872754317010071,4.946730655615469,Finca A
1026,2024-01-02 01:00:00,12.055461294854933,6.743632366967403,5.6439664385470625,Finca A
1027,2024-01-02 02:00:00,11.42450321128885,6.70380034781682,4.517130490171999,Finca B
1028,2024-01-02 03:00:00,12.187849009172837,6.712003132671827,6.382142189791297,Finca C
1029,2024-01-02 04:00:00,11.699680655040597,6.761351797273042,7.90541501828664,Finca A
1030,2024-01-02 05:00:00,11.854153125103362,6.59772074348016,6.2157189321952035,Finca C
1031,2024-01-02 06:00:00,11.699146693885302,6.674262346257666,5.11016337851097,Finca B
1032,2024-01-02 07:00:00,12.926139092254468,5.5,6.4151785069573775,Finca C
1033,2024-01-02 08:00:00,11.993251387631034,6.7399223122605285,4.053143053094244,Finca C
1034,2024-01-02 09:00:00,11.47114453552205,6.764719593970274,7.498965861194294,Finca C
1035,2024-01-02 10:00:00,12.411272456051595,6.651681353770063,5.763877778509263,Finca C
1036,2024-01-02 11:00:00,11.389578175014488,6.857398676329003,5.52207383917839,Finca C
1037,2024-01-02 12:00:00,12.104431797502377,6.577423433699766,6.136391548040836,Finca A
1038,2024-01-02 13:00:00,11.020164938060113,6.553562511979018,6.3115273825523115,Finca A
1039,2024-01-02 14:00:00,11.335906975550785,6.722445181855997,3.8229911280193085,Finca A
1040,2024-01-02 15:00:00,12.09843061793456,6.804709830261215,6.5717774955053105,Finca B
1041,2024-01-02 16:00:00,12.369233289997705,6.868392769145787,4.588692561419883,Finca C
1042,2024-01-02 17:00:00,12.085684140594985,6.654111573713106,6.712786846279654,Finca A
1043,2024-01-02 18:00:00,11.94217585880588,6.80786808334313,7.201406574728885,Finca B
1044,2024-01-02 19:00:00,11.849448152205355,6.696149153049929,7.117813283986342,Finca A
1045,2024-01-02 20:00:00,11.260739004816287,6.682737270005918,5.986254353335501,Finca A
1046,2024-01-02 21:00:00,11.640077895802646,6.788365993748667,5.84076451539838,Finca C
1047,2024-01-02 22:00:00,11.769680614520107,6.765232287841342,4.142941826027353,Finca B
1048,2024-01-02 23:00:00,12.528561113109458,6.542360784301575,6.98905767681411,Finca C
1049,2024-01-03 00:00:00,12.17180914478423,6.84765403497259,4.721342212010215,Finca C
1050,2024-01-03 01:00:00,11.118479922318633,6.838009135414746,5.7351294026807595,Finca A
1051,2024-01-03 02:00:00,12.162041984697398,6.637443729849047,4.779233418173825,Finca C
1052,2024-01-03 03:00:00,11.807458859791842,6.739580353343741,4.102227633498619,Finca B
1053,2024-01-03 04:00:00,11.661538999847021,6.749403018628274,6.3330096360128145,Finca C
1054,2024-01-03 05:00:00,12.305838144420434,6.726067376582391,3.7444941567030674,Finca C
1055,2024-01-03 06:00:00,12.515499761247975,6.6449694846154586,6.8689035535679,Finca C
1056,2024-01-03 07:00:00,12.4656400595581,6.632837663206195,4.929140578675025,Finca A
1057,2024-01-03 08:00:00,11.58039123838868,6.6974445929008555,3.5006061185201838,Finca B
1058,2024-01-03 09:00:00,11.845393812074393,6.817272901925937,5.800081126567534,Finca A
1059,2024-01-03 10:00:00,12.165631715701782,6.754360015459444,3.7108335883742143,Finca A
1060,2024-01-03 11:00:00,12.48777256356118,6.662938566791389,4.7427630101940474,Finca A
1061,2024-01-03 12:00:00,11.760412881077356,6.777169871064834,6.681394193550723,Finca A
1062,2024-01-03 13:00:00,11.907170511668092,6.415145737936992,3.7821032972983963,Finca A
1063,2024-01-03 14:00:00,11.446832512996986,6.81487657003721,7.277023215602011,Finca B
1064,2024-01-03 15:00:00,11.401896687959665,6.52602862212219,3.517189651963624,Finca C
1065,2024-01-03 16:00:00,12.4062629111971,6.663755905859687,4.61070741140856,Finca A
1066,2024-01-03 17:00:00,12.678120014285412,6.588033010537385,6.834068252684322,Finca A
1067,2024-01-03 18:00:00,11.963994939209833,6.5705318524279095,4.923215673781881,Finca B
1068,2024-01-03 19:00:00,12.501766448946013,6.816082678737852,3.958515746297061,Finca B
1069,2024-01-03 20:00:00,12.180818012523817,6.653229879868811,5.121052634601925,Finca C
1070,2024-01-03 21:00:00,11.677440122697439,6.734650388173072,4.716769788730365,Finca B
1071,2024-01-03 22:00:00,12.180697802754207,6.695307942112081,7.292203559722497,Finca C
1072,2024-01-03 23:00:00,12.769018283232985,6.747704082722312,4.910065629133144,Finca A
1073,2024-01-04 00:00:00,11.982086980445024,5.5,7.050196122992032,Finca A
1074,2024-01-04 01:00:00,12.782321827907003,6.571700777581143,7.5134246516483065,Finca C
1075,2024-01-04 02:00:00,10.690127447955128,6.799626681944714,5.452178388094383,Finca B
1076,2024-01-04 03:00:00,12.410951252187612,6.650624341683869,7.594744147344764,Finca C
1077,2024-01-04 04:00:00,12.043523534119085,6.544341810134025,5.197931242834368,Finca B
1078,2024-01-04 05:00:00,11.850496324767066,6.657188483903409,7.838352874205487,Finca A
1079,2024-01-04 06:00:00,12.04588038826775,6.850075979063432,3.9018028603650783,Finca B
1080,2024-01-04 07:00:00,11.006215542699554,6.78502217421135,6.591586699264592,Finca C
1081,2024-01-04 08:00:00,11.890164056081243,6.665134786559214,5.722163182056179,Finca C
1082,2024-01-04 09:00:00,12.178556285755873,6.665074229568157,5.244419624550412,Finca A
1083,2024-01-04 10:00:00,12.738947022370757,6.667836494878262,6.347203454368704,Finca B
1084,2024-01-04 11:00:00,11.740864890863175,6.9076747983560844,6.6673569123544905,Finca B
1085,2024-01-04 12:00:00,11.595753198553407,6.738193545223155,3.519634713426391,Finca B
1086,2024-01-04 13:00:00,-1.0,6.743004164719107,4.251288899362394,Finca A
1087,2024-01-04 14:00:00,12.457701058851036,6.803028345403185,6.708707227854434,Finca B
1088,2024-01-04 15:00:00,12.164375554829842,6.7238789159026515,6.4987343611019295,Finca C
1089,2024-01-04 16:00:00,11.73511989811648,6.67409578541793,7.847213773079048,Finca B
1090,2024-01-04 17:00:00,12.256633716556678,6.680365015091502,6.924670056128523,Finca A
1091,2024-01-04 18:00:00,12.04853877467402,6.692839874058594,7.778477184791021,Finca B
1092,2024-01-04 19:00:00,12.484322495266445,6.696277776349016,6.6614322569066315,Finca B
1093,2024-01-04 20:00:00,11.648973453061323,6.7727629543636985,4.841234938877494,Finca C
1094,2024-01-04 21:00:00,11.836168926701117,6.7051945885807305,3.9741421501288543,Finca B
1095,2024-01-04 22:00:00,11.803945923433922,6.773264007721558,7.01820738505221,Finca C
1096,2024-01-04 23:00:00,11.26824252593394,6.691928341989142,6.398671496641621,Finca C
1097,2024-01-05 00:00:00,12.148060138532289,6.707863519031609,3.716837055769833,Finca A
1098,2024-01-05 01:00:00,12.130527636089944,6.500179931546789,5.120227096554403,Finca C
1099,2024-01-05 02:00:00,12.002556728321231,6.791632767470248,7.8055991696792875,Finca C
1100,2024-01-05 03:00:00,11.882706433312427,6.734648847589799,5.751805155695905,Finca A
1101,2024-01-05 04:00:00,11.292314628974793,6.7998010109859655,5.447281112088671,Finca C
1102,2024-01-05 05:00:00,11.78967733861732,6.410374462180632,5.559648223216823,Finca A
1103,2024-01-05 06:00:00,11.828642741736616,6.908837470478073,4.439972258023237,Finca B
1104,2024-01-05 07:00:00,11.59886136538919,6.6860410371844825,5.159182268891579,Finca A
1105,2024-01-05 08:00:00,11.919357144166995,6.810818281673752,5.1641596519422945,Finca C
1106,2024-01-05 09:00:00,12.20202542840727,6.596009407287447,3.735597590843626,Finca A
1107,2024-01-05 10:00:00,12.943092950605266,6.761277390506257,6.954054328330632,Finca C
1108,2024-01-05 11:00:00,12.08728890641592,6.5946584436826345,5.374269943567455,Finca B
1109,2024-01-05 12:00:00,12.128775195361381,6.637623103930419,7.199809490673905,Finca A
1110,2024-01-05 13:00:00,11.962777042116917,6.891403135386679,7.326566005039529,Finca B
1111,2024-01-05 14:00:00,11.040614392350479,6.6809317599236655,4.453973246143962,Finca C
1112,2024-01-05 15:00:00,11.98674306227539,6.721743287317972,6.458090669765578,Finca C
1113,2024-01-05 16:00:00,12.030115104970513,6.7870067730688755,5.625268118733418,Finca B
1114,2024-01-05 17:00:00,13.231621056242643,6.7495681887972605,7.460705320646683,Finca A
1115,2024-01-05 18:00:00,11.903819517609438,6.715041890514358,4.470833056294044,Finca A
1116,2024-01-05 19:00:00,12.150773671166807,6.736496100246622,6.550159401395199,Finca C
1117,2024-01-05 20:00:00,11.982644115147378,6.940341558523827,6.234884550137251,Finca B
1118,2024-01-05 21:00:00,11.415660981190234,6.6942381202966414,4.828856649073248,Finca B
1119,2024-01-05 22:00:00,12.57141140725751,6.720109904671497,4.114704066430277,Finca A
1120,2024-01-05 23:00:00,12.375966516343388,6.805065439600761,6.432378922147745,Finca A
1121,2024-01-06 00:00:00,12.395515973521523,6.810552593295799,6.823688561595488,Finca A
1122,2024-01-06 01:00:00,11.54530627260263,6.818703030556038,4.920323046935075,Finca B
1123,2024-01-06 02:00:00,12.70139715546805,6.763873022202919,6.401746718100412,Finca A
1124,2024-01-06 03:00:00,-1.0,6.585699508726952,5.278089084251764,Finca A
1125,2024-01-06 04:00:00,12.293428546900135,6.86334315323011,6.70943097477178,Finca C
1126,2024-01-06 05:00:00,13.095227812904989,6.585365460698132,4.396468737023239,Finca A
1127,2024-01-06 06:00:00,11.504731837434656,6.730263546523903,7.505967511862785,Finca A
1128,2024-01-06 07:00:00,11.716851135198613,6.624572414998064,4.793343184095109,Finca B
1129,2024-01-06 08:00:00,12.04982568254382,6.693586165340701,5.1550369449026885,Finca B
1130,2024-01-06 09:00:00,11.748262172941901,6.732876241030349,3.761413784361574,Finca C
1131,2024-01-06 10:00:00,-1.0,6.732135721545028,4.001804955445744,Finca A
1132,2024-01-06 11:00:00,12.034281487403014,6.742192075423529,5.821378562205476,Finca C
1133,2024-01-06 12:00:00,11.468848143136947,6.861371126905865,4.704167045275872,Finca B
1134,2024-01-06 13:00:00,12.236796215317591,6.745353430151398,7.259661015839875,Finca C
1135,2024-01-06 14:00:00,11.5402878828831,6.675584336470935,3.5661202489472923,Finca B
1136,2024-01-06 15:00:00,12.774967202508769,5.5,5.205923219023713,Finca C
1137,2024-01-06 16:00:00,11.608373353831881,6.818947048892464,5.018054960460917,Finca C
1138,2024-01-06 17:00:00,11.838969241897162,6.577239218486301,3.586974339129205,Finca A
1139,2024-01-06 18:00:00,12.406758608684834,6.759740006984986,4.059657795502296,Finca C
1140,2024-01-06 19:00:00,11.384567841783023,6.77011727423109,5.361392037133859,Finca A
1141,2024-01-06 20:00:00,12.113729967302065,6.670243649664001,5.71789063001351,Finca A
1142,2024-01-06 21:00:00,12.653571377141214,6.8375706813311625,5.319303862646911,Finca A
1143,2024-01-06 22:00:00,11.196258382719385,6.684994441296747,5.8892195528544224,Finca A
1144,2024-01-06 23:00:00,12.092316929266152,6.712557645347155,6.1780925370755675,Finca C
1145,2024-01-07 00:00:00,12.129941397124211,6.682692817571613,3.5446571950752603,Finca B
1146,2024-01-07 01:00:00,12.390911435888656,6.701557904758147,5.588428217540768,Finca B
1147,2024-01-07 02:00:00,11.381524644560958,6.59037249131048,7.835746583994148,Finca B
1148,2024-01-07 03:00:00,11.339771693457863,6.555994911740571,5.83564526058297,Finca C
1149,2024-01-07 04:00:00,12.26097078280845,6.8594505063224975,6.548940203565289,Finca A
1150,2024-01-07 05:00:00,-1.0,6.615303865168167,4.903387360625974,Finca B
1151,2024-01-07 06:00:00,12.125246425172937,6.600860765054369,6.982961201687432,Finca C
1152,2024-01-07 07:00:00,12.173224104748488,6.484660988639629,6.978146668442518,Finca A
1153,2024-01-07 08:00:00,11.659987639210755,6.63610382523105,5.845832214443625,Finca B
1154,2024-01-07 09:00:00,12.116126848580501,6.56769102065925,7.892062204756461,Finca A
1155,2024-01-07 10:00:00,12.146536236649341,6.864201516013637,4.06497596643194,Finca B
1156,2024-01-07 11:00:00,11.642824290986816,6.8009817089342635,3.5762644920031144,Finca B
1157,2024-01-07 12:00:00,12.932887255572378,6.631184965482228,6.965711952906932,Finca B
1158,2024-01-07 13:00:00,12.236916460455895,6.925243580534431,7.132199918141971,Finca A
1159,2024-01-07 14:00:00,11.404348251398675,6.79817654869916,4.040932531042593,Finca C
1160,2024-01-07 15:00:00,12.328276804316914,5.5,4.695122748313727,Finca A
1161,2024-01-07 16:00:00,11.512659164886339,6.450059428512643,3.57898563514983,Finca B
1162,2024-01-07 17:00:00,12.393542301871227,6.929094257259075,4.8198887485125415,Finca A
1163,2024-01-07 18:00:00,12.579297789503702,6.56104275332364,6.979138432634022,Finca C
1164,2024-01-07 19:00:00,11.589658840824145,6.535460125304311,5.830822374706605,Finca A
1165,2024-01-07 20:00:00,12.48168806462216,6.802257043200965,5.066430169257297,Finca C
1166,2024-01-07 21:00:00,12.20639046346825,6.943975240633927,5.172826827078486,Finca C
1167,2024-01-07 22:00:00,12.411030079997245,6.838427281851052,3.5060913157196065,Finca A
1168,2024-01-07 23:00:00,12.948396491326974,6.756390912005236,4.849102374043562,Finca B
1169,2024-01-08 00:00:00,11.877305941998564,6.759475434166529,6.409064337370687,Finca C
1170,2024-01-08 01:00:00,11.623131917821254,6.785341555878031,7.883874997173607,Finca A
1171,2024-01-08 02:00:00,11.555242785187238,6.775892858978676,7.311773721427548,Finca C
1172,2024-01-08 03:00:00,11.592094857517282,6.728119142396938,3.606177340904881,Finca B
1173,2024-01-08 04:00:00,11.961449145292947,6.710420110395188,7.543522721036777,Finca A
1174,2024-01-08 05:00:00,12.170575987408322,6.693740687210048,7.024392859843816,Finca A
1175,2024-01-08 06:00:00,12.13834539966501,6.624603541113332,7.011692556069412,Finca A
1176,2024-01-08 07:00:00,12.413591624518013,6.6719324923133225,5.560980915516072,Finca B
1177,2024-01-08 08:00:00,12.006500945938953,6.530704318580462,5.291023818295263,Finca C
1178,2024-01-08 09:00:00,12.726767038578659,6.690166037320525,4.863120779749367,Finca A
1179,2024-01-08 10:00:00,11.867671583381021,6.601140889284909,3.795626865294646,Finca C
1180,2024-01-08 11:00:00,13.36008458329481,6.589641068278423,4.527059135721646,Finca C
1181,2024-01-08 12:00:00,12.312833673882503,6.717989415115348,4.609716357401111,Finca B
1182,2024-01-08 13:00:00,11.571421221791859,6.83920022863446,5.6783468136959065,Finca A
1183,2024-01-08 14:00:00,11.464553750969444,6.791831660600232,6.863499829685123,Finca C
1184,2024-01-08 15:00:00,12.241236207621593,6.5429499396376825,5.63214422779076,Finca A
1185,2024-01-08 16:00:00,11.888268607337075,6.601037186342967,3.7603000225122227,Finca A
1186,2024-01-08 17:00:00,12.357000247046045,6.794077118798822,7.810054104446918,Finca B
1187,2024-01-08 18:00:00,12.236618812286773,6.601751260646169,7.742259435923505,Finca A
1188,2024-01-08 19:00:00,11.963585543671563,6.677536685000297,7.033352944167838,Finca A
1189,2024-01-08 20:00:00,11.576603140965798,6.755005209902455,7.960975557038992,Finca C
1190,2024-01-08 21:00:00,11.242576387657067,5.5,5.950170497601183,Finca B
1191,2024-01-08 22:00:00,11.77674252396649,6.710537550614596,7.8324575761394275,Finca A
1192,2024-01-08 23:00:00,12.428199397161736,6.56659745050818,3.8402226827753783,Finca C
1193,2024-01-09 00:00:00,12.107046872065101,6.639863235604879,5.145563367176171,Finca B
1194,2024-01-09 01:00:00,11.377130610644006,6.731978193414254,4.514215706030447,Finca B
1195,2024-01-09 02:00:00,12.08659046292559,6.540700626646833,4.381248878604215,Finca C
1196,2024-01-09 03:00:00,12.192658689864418,6.74404747379604,4.133613270017042,Finca C
1197,2024-01-09 04:00:00,11.558071281899434,6.6980362201073325,6.300861387046985,Finca C
1198,2024-01-09 05:00:00,12.076862552972765,6.755248995441715,7.015948350862873,Finca C
1199,2024-01-09 06:00:00,12.029104359223,6.722391413406466,6.102342797391623,Finca C
1200,2024-01-09 07:00:00,11.428514851084689,6.836414042997385,4.161332193146944,Finca A
1201,2024-01-09 08:00:00,12.178893680174141,6.712522450264791,7.150056964700619,Finca A
1202,2024-01-09 09:00:00,-1.0,6.657059445887475,6.361796182236779,Finca B
1203,2024-01-09 10:00:00,12.541525621587638,6.712229750303228,5.24674567757148,Finca A
1204,2024-01-09 11:00:00,12.526901026017452,6.754329802903639,6.533586329912284,Finca A
1205,2024-01-09 12:00:00,11.311165316021455,6.70488600703257,4.6695724065927475,Finca A
1206,2024-01-09 13:00:00,11.531087480042439,6.704059169120389,5.053364938223947,Finca C
1207,2024-01-09 14:00:00,12.25751763360433,6.629800831219325,7.628686294093956,Finca B
1208,2024-01-09 15:00:00,12.256892975456104,5.5,4.807270275521391,Finca B
1209,2024-01-09 16:00:00,12.257523843153024,6.559739472820031,5.614947206710715,Finca B
1210,2024-01-09 17:00:00,13.926365745327361,6.874957674318694,7.505635118282066,Finca B
1211,2024-01-09 18:00:00,12.285445255346584,6.575613676460872,6.684746076203874,Finca A
1212,2024-01-09 19:00:00,-1.0,6.63070948022041,3.7799145177411626,Finca A
1213,2024-01-09 20:00:00,12.477000881746601,6.628159273443081,4.162863699255366,Finca C
1214,2024-01-09 21:00:00,12.3256956256529,6.789492437694444,3.5352871584736256,Finca B
1215,2024-01-09 22:00:00,11.842365377679828,6.670505032170797,6.339148056031235,Finca A
1216,2024-01-09 23:00:00,12.379484610246633,6.824774207267374,5.514530414346883,Finca A
1217,2024-01-10 00:00:00,11.613587392731214,6.6326509375756135,4.10423682906024,Finca C
1218,2024-01-10 01:00:00,11.881590696629996,6.72789941622238,7.810703544755467,Finca C
1219,2024-01-10 02:00:00,11.757318226085449,6.6164652946740246,5.883468757755289,Finca C
1220,2024-01-10 03:00:00,12.040937069693161,6.914514912777339,4.588519823508001,Finca A
1221,2024-01-10 04:00:00,13.157329283336754,6.5812401580970485,5.752716070196184,Finca A
1222,2024-01-10 05:00:00,11.066367403704126,5.5,6.5582914973079856,Finca C
1223,2024-01-10 06:00:00,12.343130095187258,6.76337768809321,3.8430764808810403,Finca B
1224,2024-01-10 07:00:00,11.193642064405175,6.74137990974515,4.736167167715514,Finca C
1225,2024-01-10 08:00:00,11.764034067105284,6.681471234112229,7.131344708977972,Finca C
1226,2024-01-10 09:00:00,12.544475298483682,6.6870179300266575,5.5684919168119755,Finca C
1227,2024-01-10 10:00:00,12.032140009547732,6.704381147197911,5.959597139145327,Finca C
1228,2024-01-10 11:00:00,11.461127611035346,6.685299799837152,5.447672009942612,Finca A
1229,2024-01-10 12:00:00,11.642348145370017,6.796387911679491,3.697549741893523,Finca B
1230,2024-01-10 13:00:00,12.339798874467338,6.921052300159135,4.245874009190702,Finca C
1231,2024-01-10 14:00:00,11.634816684141432,6.644250821499217,5.504937374338509,Finca B
1232,2024-01-10 15:00:00,12.108229294790988,6.563019702042093,4.441334594335675,Finca B
1233,2024-01-10 16:00:00,12.022785919951907,6.691171795164875,3.7249056289685543,Finca B
1234,2024-01-10 17:00:00,11.674199826197091,6.957970933765432,7.296423488233207,Finca C
1235,2024-01-10 18:00:00,13.071972044662663,6.619632543203027,7.915366381238521,Finca A
1236,2024-01-10 19:00:00,12.316959511159006,6.8639116805444065,7.0691429329853275,Finca C
1237,2024-01-10 20:00:00,10.987428706671196,6.867770081407644,7.342032147671002,Finca B
1238,2024-01-10 21:00:00,12.093227157384714,6.644641175829201,4.588897086426704,Finca B
1239,2024-01-10 22:00:00,11.669106767615807,6.756898307918528,7.822821389809399,Finca A
1240,2024-01-10 23:00:00,12.426216667398112,6.862839662312854,4.386165670040428,Finca C
1241,2024-01-11 00:00:00,11.60373963078365,6.662087225901251,7.7814341466282455,Finca B
1242,2024-01-11 01:00:00,11.94263177926655,6.679641963989764,7.97668682284678,Finca A
1243,2024-01-11 02:00:00,-1.0,6.641831908605136,6.702752625857219,Finca B
1244,2024-01-11 03:00:00,12.43287759708506,6.598524326930714,7.915146793063198,Finca A
1245,2024-01-11 04:00:00,11.399851796472111,6.635072245493399,6.062929008051967,Finca A
1246,2024-01-11 05:00:00,11.832749382079525,6.577605973323775,4.667938024292407,Finca C
1247,2024-01-11 06:00:00,11.762527344419523,6.703408346825923,5.466481485495294,Finca B
1248,2024-01-11 07:00:00,11.673335383713145,6.623002676894136,6.171024209204537,Finca C
1249,2024-01-11 08:00:00,12.882727120140549,6.723378591179075,3.8288670291215676,Finca B
1250,2024-01-11 09:00:00,12.202490855480479,6.544410435379637,6.300544690777608,Finca C
1251,2024-01-11 10:00:00,11.369558022832477,6.733088023221446,7.915300265430325,Finca B
1252,2024-01-11 11:00:00,12.458930973527387,6.783352896160893,4.355484424026774,Finca C
1253,2024-01-11 12:00:00,13.061078098506316,6.500626435742855,7.066678023297725,Finca A
1254,2024-01-11 13:00:00,12.516232630275573,6.737405656984757,7.5855445720082875,Finca B
1255,2024-01-11 14:00:00,11.240315017022994,6.82276689924733,7.746657167690993,Finca B
1256,2024-01-11 15:00:00,11.757882963566875,6.579035898130879,7.820610219824513,Finca A
1257,2024-01-11 16:00:00,12.633455574593311,6.867257238683771,5.846568374246624,Finca C
1258,2024-01-11 17:00:00,11.646165267190609,6.741901900936605,7.897885585961767,Finca B
1259,2024-01-11 18:00:00,12.221909714073114,6.629498814424159,6.907895932104974,Finca B
1260,2024-01-11 19:00:00,12.387317026714669,6.69442309223423,4.227521463066329,Finca C
1261,2024-01-11 20:00:00,11.536534764210959,6.755832691252173,5.646050479105865,Finca A
1262,2024-01-11 21:00:00,11.9702373219691,6.707600539141241,6.732490289174018,Finca C
1263,2024-01-11 22:00:00,10.379366329965464,6.753875599244637,4.613031421185875,Finca C
1264,2024-01-11 23:00:00,11.487806179332855,6.607932640692064,6.382768325969993,Finca C
1265,2024-01-12 00:00:00,11.87371592430342,6.716936082403608,6.4997021557097865,Finca B
1266,2024-01-12 01:00:00,11.376108409017576,6.5586285503095025,4.232148847138546,Finca A
1267,2024-01-12 02:00:00,12.816205651965818,6.6888773938651305,6.042883906037403,Finca A
1268,2024-01-12 03:00:00,11.284929311019683,6.6096092358535214,6.972321099403734,Finca C
1269,2024-01-12 04:00:00,11.779977756651508,6.626447005741023,5.745030490411739,Finca B
1270,2024-01-12 05:00:00,12.065370288643045,6.8236093175210435,3.5544640254924835,Finca C
1271,2024-01-12 06:00:00,12.720636644533057,6.809131012059427,3.540673110856815,Finca B
1272,2024-01-12 07:00:00,11.28206892441028,6.760913812090718,5.106632047865055,Finca B
1273,2024-01-12 08:00:00,12.581581876077479,6.590768723532742,7.667873307943019,Finca B
1274,2024-01-12 09:00:00,12.005116530509794,6.66835915503052,4.52904550821624,Finca B
1275,2024-01-12 10:00:00,11.509245674476025,6.821309769997918,6.354636599922593,Finca A
1276,2024-01-12 11:00:00,12.231051737131635,6.71417169136399,4.4993414181199425,Finca B
1277,2024-01-12 12:00:00,12.099529847786735,6.93193295399817,4.9475149534679685,Finca B
1278,2024-01-12 13:00:00,11.699891561420603,6.739331783939438,7.316189403206678,Finca C
1279,2024-01-12 14:00:00,12.03490104249501,6.719204911649003,6.779876490214761,Finca C
1280,2024-01-12 15:00:00,11.80734320156912,6.66908835357975,3.929296747909448,Finca A
1281,2024-01-12 16:00:00,12.056758672625625,6.713354090478228,5.429159094438951,Finca C
1282,2024-01-12 17:00:00,-1.0,6.684753016361946,3.6312639364036903,Finca B
1283,2024-01-12 18:00:00,12.793008408072676,6.770810867668859,5.66400565971354,Finca C
1284,2024-01-12 19:00:00,11.381092250586576,6.795670231679458,6.480953052654806,Finca A
1285,2024-01-12 20:00:00,13.066516687328134,6.621401053949206,4.033261806191682,Finca C
1286,2024-01-12 21:00:00,11.023956100238749,6.566876704644223,4.799982225091245,Finca C
1287,2024-01-12 22:00:00,11.924107452482207,6.51637946268967,5.2902648147597064,Finca A
1288,2024-01-12 23:00:00,12.294158603242288,6.750799132691254,7.637889610952223,Finca A
1289,2024-01-13 00:00:00,12.140495933867516,6.5896633393826125,7.969647569403338,Finca B
1290,2024-01-13 01:00:00,11.688650240089704,6.484710940704752,3.7021008454802713,Finca C
1291,2024-01-13 02:00:00,11.895938874821363,6.738857860453097,6.924535655729264,Finca B
1292,2024-01-13 03:00:00,11.753499532670583,6.94929995174328,5.172758298810544,Finca C
1293,2024-01-13 04:00:00,11.705317621527895,6.6993929088460105,5.266061838032661,Finca C
1294,2024-01-13 05:00:00,12.424801048510512,6.783849077445164,6.894192380061602,Finca B
1295,2024-01-13 06:00:00,12.178507742982523,6.708182935854757,7.632918944654339,Finca C
1296,2024-01-13 07:00:00,11.653545202369672,6.690111034680886,7.779178675261468,Finca C
1297,2024-01-13 08:00:00,12.449799937716625,6.7919076482987775,6.097051637172443,Finca C
1298,2024-01-13 09:00:00,12.153649760438304,6.670972545581135,5.107045216852263,Finca A
1299,2024-01-13 10:00:00,12.40643105941948,6.7267392314071905,7.043970886364507,Finca B
1300,2024-01-13 11:00:00,12.314814420961806,6.732169780619602,4.629506224680351,Finca A
1301,2024-01-13 12:00:00,11.585502494538964,6.633190954635696,6.03833312975083,Finca B
1302,2024-01-13 13:00:00,11.719909479901515,6.799204234953653,5.11360307686193,Finca B
1303,2024-01-13 14:00:00,12.37364680256163,6.682504024330459,6.454839831685442,Finca C
1304,2024-01-13 15:00:00,12.305185132716732,6.6244254840507155,4.581795108020781,Finca B
1305,2024-01-13 16:00:00,11.989549203017926,6.753650984357041,4.362168255806716,Finca A
1306,2024-01-13 17:00:00,12.058663691654392,6.610153201820896,7.6320758900394665,Finca A
1307,2024-01-13 18:00:00,12.638832447894213,6.702818115736913,3.958116573272916,Finca A
1308,2024-01-13 19:00:00,11.704214305582084,6.6990881003355796,5.776810584807192,Finca B
1309,2024-01-13 20:00:00,12.273548690585018,6.808589556583158,4.49383752333354,Finca A
1310,2024-01-13 21:00:00,11.898903673783053,6.747469823287996,3.6751848349655036,Finca B
1311,2024-01-13 22:00:00,11.89115939838639,6.697497304125486,3.6620846823114186,Finca A
1312,2024-01-13 23:00:00,12.549388425993595,6.781776629920029,4.288497974476223,Finca A
1313,2024-01-14 00:00:00,12.412708174494014,6.839020754901732,7.400466595277001,Finca B
1314,2024-01-14 01:00:00,12.40675481800032,6.755781030635187,4.77115434789662,Finca A
1315,2024-01-14 02:00:00,12.652739403577165,6.701035261984338,7.777066267588831,Finca C
1316,2024-01-14 03:00:00,12.01050192081638,6.5688163767649845,6.11730031845137,Finca B
1317,2024-01-14 04:00:00,12.340976485647483,6.593488633692463,5.464763853959448,Finca B
1318,2024-01-14 05:00:00,11.844866621703272,6.669477529564533,6.110399756012546,Finca B
1319,2024-01-14 06:00:00,12.162083176244222,6.639048779784072,5.825142733518205,Finca C
1320,2024-01-14 07:00:00,11.934928472816157,6.681302869701455,6.914493141907963,Finca B
1321,2024-01-14 08:00:00,-1.0,6.7056649924897105,4.771232296877836,Finca A
1322,2024-01-14 09:00:00,12.297578512718458,6.752969275435674,5.088726762201361,Finca A
1323,2024-01-14 10:00:00,11.590889658383263,6.692950122194091,7.523424361399628,Finca A
1324,2024-01-14 11:00:00,13.04619363784273,6.74865016438262,7.7590543091768245,Finca B
1325,2024-01-14 12:00:00,11.496991309250149,6.7064474414810125,7.516512023689136,Finca A
1326,2024-01-14 13:00:00,11.392905693606133,6.502453343364613,5.387515972807911,Finca B
1327,2024-01-14 14:00:00,12.579055436750034,6.606066460618125,7.011644763530968,Finca A
1328,2024-01-14 15:00:00,12.395831346981469,6.6855912444278385,5.643510799854944,Finca C
1329,2024-01-14 16:00:00,12.312059908526077,6.57903052571589,5.73892933465746,Finca C
1330,2024-01-14 17:00:00,12.31417275463214,6.759992872999621,4.421060490757778,Finca C
1331,2024-01-14 18:00:00,11.993876613576543,6.85307508323437,6.160086364663324,Finca C
1332,2024-01-14 19:00:00,11.551372814257084,6.821876185169732,4.337611539890066,Finca B
1333,2024-01-14 20:00:00,12.037902279096864,6.67865571290698,4.9920411458023715,Finca A
1334,2024-01-14 21:00:00,11.661419144243943,6.849072613684996,7.347635907289709,Finca C
1335,2024-01-14 22:00:00,12.487559866708876,6.714866745720212,4.4318411414488486,Finca B
1336,2024-01-14 23:00:00,11.92647130924893,6.666291402888196,3.8202122832804477,Finca C
1337,2024-01-15 00:00:00,11.587251401603744,6.638659733645906,3.8105341667576735,Finca C
1338,2024-01-15 01:00:00,11.839307079173503,6.6697530313511875,7.733530342263985,Finca B
1339,2024-01-15 02:00:00,12.206465727137813,6.661182318145877,5.781141970828256,Finca B
1340,2024-01-15 03:00:00,11.718137723598012,5.5,5.342354323176583,Finca A
1341,2024-01-15 04:00:00,11.588889802216784,6.7160573981049865,7.148953614535633,Finca A
1342,2024-01-15 05:00:00,12.121843605745957,6.700304602015342,7.261216675597322,Finca C
1343,2024-01-15 06:00:00,12.122483285554361,6.743693816974635,4.994859649020221,Finca C
1344,2024-01-15 07:00:00,11.746528412314435,6.819064627478634,6.621281258632079,Finca A
1345,2024-01-15 08:00:00,11.764480847190839,6.794955413544132,6.970052671333489,Finca A
1346,2024-01-15 09:00:00,12.116024968678818,6.55151020315501,6.445928090896795,Finca B
1347,2024-01-15 10:00:00,11.275957829251338,6.444607886509805,4.182177836600447,Finca A
1348,2024-01-15 11:00:00,11.296268112811722,6.793431991123928,7.441473875826757,Finca A
1349,2024-01-15 12:00:00,11.640777889373782,6.563312130158458,5.925925487312039,Finca C
1350,2024-01-15 13:00:00,11.893276424144076,6.677523459810732,4.771125918665017,Finca A
1351,2024-01-15 14:00:00,-1.0,6.582988697394065,5.413526834469622,Finca C
1352,2024-01-15 15:00:00,12.737678108474777,6.519801956241999,3.6690699067950834,Finca A
1353,2024-01-15 16:00:00,12.428829811601009,6.754146272820479,4.075400605500879,Finca B
1354,2024-01-15 17:00:00,11.920030735018287,6.775915516030265,6.944960377321374,Finca A
1355,2024-01-15 18:00:00,11.990491896048656,6.642348959927328,3.5000523563991477,Finca A
1356,2024-01-15 19:00:00,11.498735317681096,6.4408957707855095,5.374546228170315,Finca A
1357,2024-01-15 20:00:00,11.990743432003805,6.645375555174752,5.851295814885148,Finca C
1358,2024-01-15 21:00:00,11.85567068053993,6.7391804005402545,3.7458548900043755,Finca B
1359,2024-01-15 22:00:00,12.161359280169044,6.552108843122587,7.878851733375498,Finca A
1360,2024-01-15 23:00:00,11.586384528223839,6.7183359919779155,4.517563990623524,Finca C
1361,2024-01-16 00:00:00,12.259673257120586,6.698469015082701,4.868894238363264,Finca B
1362,2024-01-16 01:00:00,12.76636945650129,6.757929149960109,4.867741305147623,Finca C
1363,2024-01-16 02:00:00,11.945619925771572,6.711958036841415,4.536874979528075,Finca C
1364,2024-01-16 03:00:00,12.20085586104947,6.602693105911845,3.5066321993884015,Finca B
1365,2024-01-16 04:00:00,12.345071995855557,6.819657150166449,6.782051573395984,Finca A
1366,2024-01-16 05:00:00,11.799389764057082,6.684147042697303,7.850804749096784,Finca C
1367,2024-01-16 06:00:00,12.112046240905208,6.697269546049007,4.509320674782703,Finca C
1368,2024-01-16 07:00:00,12.006296200390898,6.60667320409268,6.4837123631154014,Finca A
1369,2024-01-16 08:00:00,12.048838049274416,6.655671774880849,6.838533471314218,Finca A
1370,2024-01-16 09:00:00,11.613495108072266,6.61151972859731,7.317914205907361,Finca B
1371,2024-01-16 10:00:00,12.012255087129471,6.682705394007658,5.401831386561241,Finca B
1372,2024-01-16 11:00:00,12.248999145622724,6.871170848014234,4.863189075381932,Finca B
1373,2024-01-16 12:00:00,12.725571803897521,6.562809885706865,4.96382810310364,Finca A
1374,2024-01-16 13:00:00,12.479635413042603,6.538643860212326,6.706795998943308,Finca C
1375,2024-01-16 14:00:00,13.076591228755778,6.847117032749361,7.175507599275362,Finca C
1376,2024-01-16 15:00:00,11.616326218555976,6.679067632284814,4.317262854904712,Finca B
1377,2024-01-16 16:00:00,12.43616031836034,6.6330927261340085,5.1692345367099435,Finca A
1378,2024-01-16 17:00:00,12.091671002869177,6.803990468739608,7.558730885371175,Finca C
1379,2024-01-16 18:00:00,13.094901466608835,6.639438446026314,7.130120838626326,Finca B
1380,2024-01-16 19:00:00,11.595850857322425,6.882600971354694,7.931862812431142,Finca C
1381,2024-01-16 20:00:00,11.580139078909612,6.767792587133927,6.894117168569363,Finca C
1382,2024-01-16 21:00:00,11.700303677277988,6.65120885918543,5.26937840462565,Finca A
1383,2024-01-16 22:00:00,10.938052137845096,6.915730821326551,6.15787025297587,Finca A
1384,2024-01-16 23:00:00,11.737122489159619,6.639428507699666,6.474564144112941,Finca C
1385,2024-01-17 00:00:00,11.620433669223152,6.774209537200931,3.853051173427058,Finca B
1386,2024-01-17 01:00:00,-1.0,6.72992925804065,5.950236315967393,Finca A
1387,2024-01-17 02:00:00,12.170877987888579,6.83017412893988,6.691943728126743,Finca C
1388,2024-01-17 03:00:00,12.938085419607944,6.856151119672686,4.252945868004772,Finca A
1389,2024-01-17 04:00:00,12.475211919093026,6.7032004149065765,7.012842728415007,Finca A
1390,2024-01-17 05:00:00,11.711548172168799,6.6246582129653815,6.126977512313502,Finca A
1391,2024-01-17 06:00:00,11.55079266432582,6.7459972142939115,7.784998035639176,Finca C
1392,2024-01-17 07:00:00,12.245959585753253,6.63222846302479,3.6909003419310125,Finca B
1393,2024-01-17 08:00:00,11.339883396489679,6.901338724752662,4.693967618999602,Finca B
1394,2024-01-17 09:00:00,12.915729382927177,6.713653533108274,6.206992456849209,Finca B
1395,2024-01-17 10:00:00,12.589720060360644,6.663467844868789,4.8345196049266885,Finca A
1396,2024-01-17 11:00:00,11.765412173947647,6.718468030586491,6.71490873832059,Finca C
1397,2024-01-17 12:00:00,11.143432735454562,6.565287371047031,6.91552377134869,Finca A
1398,2024-01-17 13:00:00,12.676936187082706,6.602838596148935,3.961321838299135,Finca B
1399,2024-01-17 14:00:00,11.94273007737369,6.820041390794443,5.812345088930455,Finca B
1400,2024-01-17 15:00:00,12.61890815598673,6.63431057210286,5.790007500159751,Finca C
1401,2024-01-17 16:00:00,11.202786170602817,6.595308901731806,5.161763465969935,Finca A
1402,2024-01-17 17:00:00,11.700312488523114,6.753665275252729,7.698161881563524,Finca B
1403,2024-01-17 18:00:00,12.002621849859091,6.8185704154663,7.223778439429495,Finca C
1404,2024-01-17 19:00:00,12.023490296882372,6.771895331066506,6.637442218593366,Finca A
1405,2024-01-17 20:00:00,11.774967264260377,6.799604768580582,6.714469860807489,Finca A
1406,2024-01-17 21:00:00,-1.0,6.624320491143054,5.577722647159035,Finca B
1407,2024-01-17 22:00:00,11.466189785308703,6.557818933325816,7.644475344934591,Finca B
1408,2024-01-17 23:00:00,11.928810257489353,6.850133365195549,6.625679422639784,Finca A
1409,2024-01-18 00:00:00,12.060147815855949,6.667732016115787,6.780414777451174,Finca A
1410,2024-01-18 01:00:00,12.257219417029374,6.674916698354496,7.377609067043053,Finca B
1411,2024-01-18 02:00:00,12.355807439044446,6.832819414184906,4.733322152039859,Finca A
1412,2024-01-18 03:00:00,11.437678954081065,6.755623000940066,7.131819067400164,Finca B
1413,2024-01-18 04:00:00,11.232942914632188,6.745588777208161,4.378582713304214,Finca A
1414,2024-01-18 05:00:00,12.638838410949255,6.916500234490108,5.054038785101995,Finca B
1415,2024-01-18 06:00:00,12.166157005989795,6.635648176961986,5.010247044214292,Finca C
1416,2024-01-18 07:00:00,11.625756731721722,6.792784012808124,7.903364607751133,Finca B
1417,2024-01-18 08:00:00,12.775575987761261,6.705701312489708,7.354417506865671,Finca B
1418,2024-01-18 09:00:00,12.05783731714643,6.726859227886326,6.655264377156168,Finca C
1419,2024-01-18 10:00:00,12.589648592031914,6.852846842641253,6.771755427269255,Finca A
1420,2024-01-18 11:00:00,12.033759240705054,6.7507835756289625,6.029327574811569,Finca C
1421,2024-01-18 12:00:00,13.030373962440994,6.753829607904963,7.761908001988336,Finca B
1422,2024-01-18 13:00:00,12.877670421221602,6.807250733730981,5.733164387970627,Finca A
1423,2024-01-18 14:00:00,11.875517925760462,6.663504727045711,5.212329694414525,Finca C
1424,2024-01-18 15:00:00,12.485785475477178,6.616079033266099,4.23365901619216,Finca A
1425,2024-01-18 16:00:00,12.322687974792574,6.595519080597897,7.0379254351747615,Finca A
1426,2024-01-18 17:00:00,12.684315778766175,6.5033643410624,6.8049976943401616,Finca C
1427,2024-01-18 18:00:00,11.517538269709949,6.905620712994033,5.229597673358607,Finca A
1428,2024-01-18 19:00:00,12.34302572999922,6.5896791634278316,3.613370362816532,Finca C
1429,2024-01-18 20:00:00,12.529212243424794,6.677874637641423,7.275487974731048,Finca B
1430,2024-01-18 21:00:00,11.120630256788443,6.672318670011108,3.5513809255433313,Finca A
1431,2024-01-18 22:00:00,11.408370743667113,6.730740669780911,6.6666490083307295,Finca B
1432,2024-01-18 23:00:00,10.980383911119949,6.78157372125393,7.866156993767257,Finca B
1433,2024-01-19 00:00:00,11.865296582777722,6.786047348835975,5.469475976666915,Finca A
1434,2024-01-19 01:00:00,12.358771127897981,6.641692256143107,4.557380322481787,Finca C
1435,2024-01-19 02:00:00,12.751178526048013,6.683287828621359,6.671919545195218,Finca A
1436,2024-01-19 03:00:00,-1.0,6.72825799504883,7.177076639070133,Finca B
1437,2024-01-19 04:00:00,12.814307772785646,6.675130887381646,5.9589364223503125,Finca B
1438,2024-01-19 05:00:00,11.309949270892554,6.860734557601999,7.851658738652658,Finca C
1439,2024-01-19 06:00:00,11.148308780322422,6.749097495163825,3.732509247460825,Finca A
1440,2024-01-19 07:00:00,11.972226150551691,6.773487778604982,5.771580192370377,Finca B
1441,2024-01-19 08:00:00,12.192032724469653,6.766288126866741,6.7330427629514755,Finca B
1442,2024-01-19 09:00:00,11.983652625952953,6.8173473857485325,7.381882120171305,Finca B
1443,2024-01-19 10:00:00,10.966278949980062,6.718102155870371,4.3066502535850555,Finca C
1444,2024-01-19 11:00:00,11.955439980243606,6.570316805204415,7.1000156679365665,Finca B
1445,2024-01-19 12:00:00,11.347765249747573,6.7399687951752645,5.987181840733454,Finca B
1446,2024-01-19 13:00:00,12.33483627441502,6.634864310620817,5.284491568954834,Finca A
1447,2024-01-19 14:00:00,12.183299123048425,6.647138331825024,4.0927176286059215,Finca A
1448,2024-01-19 15:00:00,11.530060106836322,6.75863640187551,7.393830915090106,Finca B
1449,2024-01-19 16:00:00,11.743066541331654,6.823828307143364,4.2077294368087195,Finca B
1450,2024-01-19 17:00:00,11.470393239055523,6.702127157673607,4.894045366440947,Finca A
1451,2024-01-19 18:00:00,11.968660451363414,6.7308833012598965,4.805204893830966,Finca C
1452,2024-01-19 19:00:00,12.47757116025062,6.870221494463524,7.421363153858844,Finca C
1453,2024-01-19 20:00:00,11.507136976832228,6.724075317948857,6.527163473940041,Finca C
1454,2024-01-19 21:00:00,12.252023257758923,6.960168311418039,7.085066287361176,Finca C
1455,2024-01-19 22:00:00,11.734871190813779,6.7565509645631545,4.627105544566246,Finca C
1456,2024-01-19 23:00:00,11.603563583868828,6.523923724084418,6.311933448231495,Finca C
1457,2024-01-20 00:00:00,11.946484820022722,6.775334162110453,6.072856924146869,Finca C
1458,2024-01-20 01:00:00,11.482378838790313,6.7381158384882776,7.2477366955472196,Finca C
1459,2024-01-20 02:00:00,11.723175347326409,6.828975275408275,7.577391772165672,Finca A
1460,2024-01-20 03:00:00,11.401061053705575,6.767318135126996,3.5547054716482407,Finca C
1461,2024-01-20 04:00:00,12.982362566458194,6.686154401601623,6.533089635764567,Finca C
1462,2024-01-20 05:00:00,12.017631775985864,6.577570176371063,3.7332610960387806,Finca C
1463,2024-01-20 06:00:00,11.650137246003707,6.6790976742713974,5.969863992848102,Finca B
1464,2024-01-20 07:00:00,12.10698995536711,6.61494795457907,4.794347280696552,Finca A
1465,2024-01-20 08:00:00,11.943835975154585,5.5,4.8804946978496355,Finca A
1466,2024-01-20 09:00:00,11.889515200233388,6.758857840442061,5.0883132655356045,Finca A
1467,2024-01-20 10:00:00,12.307083350021713,6.866990450435141,6.295816020723246,Finca C
1468,2024-01-20 11:00:00,12.378753855023653,6.739467152982298,5.003224845509461,Finca C
1469,2024-01-20 12:00:00,11.734749426194735,6.580411693796481,6.797145727656262,Finca B
1470,2024-01-20 13:00:00,11.71209087967766,6.744460266822014,5.320373235082414,Finca A
1471,2024-01-20 14:00:00,11.862474151424179,6.819663148664565,3.807589401394814,Finca C
1472,2024-01-20 15:00:00,10.849039417632207,6.639021709568062,7.026919291178483,Finca A
1473,2024-01-20 16:00:00,11.242404468900723,6.6865982833327084,4.785912460667177,Finca B
1474,2024-01-20 17:00:00,12.683437133722263,6.70146881947292,5.447450958196682,Finca B
1475,2024-01-20 18:00:00,12.822483856750642,6.621510168691776,6.584497474498557,Finca B
1476,2024-01-20 19:00:00,11.87548198022181,6.764828043384386,4.996052707169204,Finca A
1477,2024-01-20 20:00:00,12.288278481527882,6.687905185139222,3.7546354526602204,Finca C
1478,2024-01-20 21:00:00,12.155625077271768,6.741953244390703,5.182644711557661,Finca C
1479,2024-01-20 22:00:00,13.53944040422762,6.61125078221979,7.750018622124365,Finca B
1480,2024-01-20 23:00:00,12.559787455717288,6.656254169967659,6.387804787843512,Finca C
1481,2024-01-21 00:00:00,11.936041204259617,6.772238135782778,6.521656169002432,Finca B
1482,2024-01-21 01:00:00,11.522229779699787,6.662716684790824,6.34526969136938,Finca A
1483,2024-01-21 02:00:00,11.196776839871214,6.872696385123341,4.395464625317466,Finca B
1484,2024-01-21 03:00:00,12.101731817933612,6.66003638143854,5.38250238846026,Finca A
1485,2024-01-21 04:00:00,11.621824627357848,6.722468472575189,6.879229092634932,Finca B
1486,2024-01-21 05:00:00,11.288873145201164,6.793259083187309,3.9561780389892163,Finca C
1487,2024-01-21 06:00:00,11.676713557878736,6.558163426706697,4.750337492403705,Finca C
1488,2024-01-21 07:00:00,11.459225998192803,6.523919118801922,4.7434359880963415,Finca B
1489,2024-01-21 08:00:00,12.843570817536282,6.547434368542991,5.444085174175277,Finca C
1490,2024-01-21 09:00:00,12.440819878474725,6.826258410342718,7.9116593342398325,Finca C
1491,2024-01-21 10:00:00,11.996013679341692,6.644814185410755,3.8037614600771987,Finca C
1492,2024-01-21 11:00:00,12.739972069445013,6.955819928566825,5.834154474712678,Finca A
1493,2024-01-21 12:00:00,12.038684153823809,6.643575240134261,4.307141069054947,Finca C
1494,2024-01-21 13:00:00,11.569357899335868,6.718455130319704,7.868044454343849,Finca A
1495,2024-01-21 14:00:00,12.761562038634828,6.854210995256787,4.009865771273589,Finca B
1496,2024-01-21 15:00:00,12.26945502184233,6.900609288815913,5.316204510627161,Finca C
1497,2024-01-21 16:00:00,11.481376922836771,6.90615035766364,6.820482431755728,Finca C
1498,2024-01-21 17:00:00,11.904830660958195,6.820836623059314,6.670494926123504,Finca C
1499,2024-01-21 18:00:00,11.562190873307621,6.802406252581147,5.402278866022695,Finca B
1500,2024-01-21 19:00:00,11.308600134517832,6.759252694920119,5.0593587557872315,Finca A
1501,2024-01-21 20:00:00,12.46308877376582,6.777836107616664,5.2892557034879175,Finca A
1502,2024-01-21 21:00:00,12.954708320235065,6.644881428367147,4.689243184213877,Finca C
1503,2024-01-21 22:00:00,11.30071621309043,6.61818011165777,4.423998224180599,Finca B
1504,2024-01-21 23:00:00,12.281484618345285,6.699662554258905,5.673678639015005,Finca B
1505,2024-01-22 00:00:00,11.674678715439086,6.682981537747508,4.708401902304233,Finca B
1506,2024-01-22 01:00:00,11.756437308117652,6.654677195067273,4.793577492037626,Finca B
1507,2024-01-22 02:00:00,11.703803037880565,6.769638744745672,6.455402285635507,Finca B
1508,2024-01-22 03:00:00,11.568004615160092,6.795530520857051,7.858417992649515,Finca A
1509,2024-01-22 04:00:00,12.024260813972413,6.708840688629185,6.216367402517188,Finca A
1510,2024-01-22 05:00:00,11.58452494179448,6.847753008105526,3.846407601792348,Finca A
1511,2024-01-22 06:00:00,12.13522841288992,6.58583108858665,3.8401262623433015,Finca C
1512,2024-01-22 07:00:00,11.974880945275432,6.680634054072028,7.781404493805047,Finca B
1513,2024-01-22 08:00:00,11.880525976566796,6.62831776793972,4.837808556383001,Finca C
1514,2024-01-22 09:00:00,11.546218168979202,6.513346338292694,3.9143014373711393,Finca B
1515,2024-01-22 10:00:00,11.711614334715833,6.69173193141573,6.195700642176718,Finca A
1516,2024-01-22 11:00:00,12.377695612912879,6.687825249161672,6.3064195023061975,Finca C
1517,2024-01-22 12:00:00,12.25045859381219,6.851344974324213,6.418271690534096,Finca A
1518,2024-01-22 13:00:00,11.511222377600724,6.763081168455478,4.703309125358936,Finca B
1519,2024-01-22 14:00:00,12.049666152714613,6.59758131756708,3.5679980789651378,Finca B
1520,2024-01-22 15:00:00,12.375693561685894,6.885409256633419,7.842569162545123,Finca B
1521,2024-01-22 16:00:00,11.165297359439315,6.8221033695525355,4.629018705609961,Finca A
1522,2024-01-22 17:00:00,12.271680096189968,6.758209770346862,6.542118296236463,Finca B
1523,2024-01-22 18:00:00,11.668688120527076,6.677351590115017,6.679834414454193,Finca A
1524,2024-01-22 19:00:00,12.28529933429658,6.604056076327653,6.245033376857686,Finca C
1525,2024-01-22 20:00:00,11.618370421728741,6.662779322392895,4.908083273961417,Finca B
1526,2024-01-22 21:00:00,11.097558949667741,6.808874861970419,4.719933141938296,Finca B
1527,2024-01-22 22:00:00,11.186228781058418,6.888458630593461,6.189507272162164,Finca B
1528,2024-01-22 23:00:00,12.024042473330692,6.854324352827219,7.397430351252612,Finca C
1529,2024-01-23 00:00:00,12.12986125086074,6.6511150578213725,7.76030178015528,Finca B
1530,2024-01-23 01:00:00,11.547841687447796,6.588038256671099,3.9765761198169094,Finca A
1531,2024-01-23 02:00:00,12.319296229388687,6.71408862469112,4.1967287566897395,Finca A
1532,2024-01-23 03:00:00,11.16923996886552,6.523156063443715,7.751313164523858,Finca B
1533,2024-01-23 04:00:00,11.966960100676342,6.732316771418478,6.814408527506567,Finca B
1534,2024-01-23 05:00:00,11.394491900118771,6.685239741370133,7.473472211733979,Finca C
1535,2024-01-23 06:00:00,11.674081946098921,6.653396349813176,4.4118468536090445,Finca C
1536,2024-01-23 07:00:00,12.023699335658208,6.540529693273321,6.144136419992309,Finca C
1537,2024-01-23 08:00:00,11.569793317358023,6.751360010656972,6.655128174878632,Finca B
1538,2024-01-23 09:00:00,11.807722227885087,6.646729916033809,6.560503484511377,Finca C
1539,2024-01-23 10:00:00,12.50314640460722,6.583008316428971,5.336682608900142,Finca C
1540,2024-01-23 11:00:00,11.711554065238426,6.412773778671835,3.569277012610888,Finca A
1541,2024-01-23 12:00:00,12.417846056032571,6.697248509494936,6.123167255619184,Finca C
1542,2024-01-23 13:00:00,11.43514657267119,6.877225159666975,4.638956926308239,Finca A
1543,2024-01-23 14:00:00,12.26490208895764,6.866125921454787,5.526144107643006,Finca A
1544,2024-01-23 15:00:00,12.72078431032895,6.654290374341373,7.809114567877178,Finca C
1545,2024-01-23 16:00:00,10.764177749936355,6.639778793963822,5.295658929390957,Finca A
1546,2024-01-23 17:00:00,11.601552372264761,6.746877425607503,7.27910722998992,Finca B
1547,2024-01-23 18:00:00,12.28853606359027,6.600161456081171,4.34843272587163,Finca B
1548,2024-01-23 19:00:00,11.898477306978503,6.730179189981947,6.5260722411126295,Finca C
1549,2024-01-23 20:00:00,12.185572936685654,6.776608027838469,7.8965312949752455,Finca B
1550,2024-01-23 21:00:00,11.69800740664209,6.822693322388431,3.9585189539282157,Finca A
1551,2024-01-23 22:00:00,12.04329489373645,6.689984592352005,3.5374397400223643,Finca B
1552,2024-01-23 23:00:00,11.92216138230396,6.679632624982304,5.451122566846765,Finca C
1553,2024-01-24 00:00:00,12.583891030829903,6.612201741324344,3.916814673731152,Finca C
1554,2024-01-24 01:00:00,12.127210421650606,6.617311964596015,6.867729573543041,Finca A
1555,2024-01-24 02:00:00,12.168801331037601,6.6773521108098475,7.615468987318515,Finca C
1556,2024-01-24 03:00:00,11.794061516938767,6.736736550681618,5.453094377189415,Finca B
1557,2024-01-24 04:00:00,11.756196887963753,6.791358462623325,4.664202389699485,Finca C
1558,2024-01-24 05:00:00,11.78372090609019,6.619682104931965,5.454814935529744,Finca A
1559,2024-01-24 06:00:00,12.197226071189148,6.849268856895953,6.755515180325005,Finca C
1560,2024-01-24 07:00:00,11.789507759589869,6.672887639895744,3.5407437271116695,Finca B
1561,2024-01-24 08:00:00,12.144887428448207,6.697863270565157,6.152542952681138,Finca A
1562,2024-01-24 09:00:00,13.03770039932272,6.625278832085218,6.259812581993206,Finca B
1563,2024-01-24 10:00:00,12.435562351715847,6.457575973972706,6.36959711103171,Finca A
1564,2024-01-24 11:00:00,11.83698823391608,6.7884045396361055,4.589099359913948,Finca C
1565,2024-01-24 12:00:00,12.600606961081972,6.773684389709244,6.71323725520157,Finca A
1566,2024-01-24 13:00:00,11.795962313489225,6.671867244288179,3.911261688492994,Finca A
1567,2024-01-24 14:00:00,10.980937732411073,6.706699071722487,4.3967165141006035,Finca C
1568,2024-01-24 15:00:00,11.495956844541299,6.75159392177041,7.448615209945169,Finca B
1569,2024-01-24 16:00:00,11.064604039487072,6.543745414311346,6.824254178269548,Finca C
1570,2024-01-24 17:00:00,11.824243257979346,6.647094732265371,3.5618549930510537,Finca A
1571,2024-01-24 18:00:00,12.009209189594776,6.779426467962183,4.617693171664101,Finca C
1572,2024-01-24 19:00:00,12.838218656137641,6.574571057683075,4.464829173469241,Finca A
1573,2024-01-24 20:00:00,12.163463686882082,6.729355793216663,4.718628476166376,Finca C
1574,2024-01-24 21:00:00,11.890449735595569,6.56434181953766,4.614018966259489,Finca C
1575,2024-01-24 22:00:00,12.414702790591745,6.7466429982433525,3.7813683308428057,Finca B
1576,2024-01-24 23:00:00,10.894432345496057,6.696435851770252,5.565232324685692,Finca A
1577,2024-01-25 00:00:00,-1.0,6.538486818409449,6.797300636537743,Finca B
1578,2024-01-25 01:00:00,12.385432596943483,6.816473935445718,6.230292761228464,Finca A
1579,2024-01-25 02:00:00,11.26070687711008,6.626540842320195,6.5279225086913595,Finca C
1580,2024-01-25 03:00:00,12.571877021603465,6.618974756298562,3.865171303413076,Finca A
1581,2024-01-25 04:00:00,12.169248203747207,6.720056919723095,7.7817081957955425,Finca B
1582,2024-01-25 05:00:00,11.7923560430496,6.814863734942872,7.273213252293612,Finca B
1583,2024-01-25 06:00:00,12.316390933053142,6.598417818102161,7.122906433230482,Finca B
1584,2024-01-25 07:00:00,13.135346428902198,6.7061679849847975,7.203427122687954,Finca A
1585,2024-01-25 08:00:00,12.090933127529247,6.742881650033057,7.697197286597426,Finca B
1586,2024-01-25 09:00:00,12.124110293150167,6.769310560726314,5.94914284751164,Finca B
1587,2024-01-25 10:00:00,11.770319550229878,6.717644155527723,4.401269080404316,Finca B
1588,2024-01-25 11:00:00,11.575077815267605,6.663297216091668,6.275526235336436,Finca C
1589,2024-01-25 12:00:00,12.415167908272123,6.617240977935128,6.842966721505725,Finca C
1590,2024-01-25 13:00:00,11.571958087045566,6.708614388304638,6.820628270093114,Finca A
1591,2024-01-25 14:00:00,12.035783118609697,6.592786098801439,5.846520608750961,Finca A
1592,2024-01-25 15:00:00,11.761171276617441,6.40786495165054,3.8080642370011013,Finca B
1593,2024-01-25 16:00:00,12.239489912873196,6.743655980415767,5.170008222935575,Finca C
1594,2024-01-25 17:00:00,12.166831052643474,6.79039348410862,7.643449738085108,Finca B
1595,2024-01-25 18:00:00,12.51876997212895,6.463706756445816,6.130020093908417,Finca B
1596,2024-01-25 19:00:00,11.744991800572626,6.599026929529006,5.92249374465071,Finca C
1597,2024-01-25 20:00:00,11.865062532353315,6.76191542610052,4.709840814719871,Finca C
1598,2024-01-25 21:00:00,11.510618142108846,6.90574954697117,5.158020139624605,Finca C
1599,2024-01-25 22:00:00,11.777853369961944,6.702079370767541,7.529057401189261,Finca A
1600,2024-01-25 23:00:00,12.188650246522426,6.627199705877087,6.4990837138707604,Finca A
1601,2024-01-26 00:00:00,12.378494308322676,6.681710355889516,7.043241620385498,Finca B
1602,2024-01-26 01:00:00,11.538917337911187,6.8374876419148185,5.544554403804448,Finca A
1603,2024-01-26 02:00:00,12.43480296005283,6.635403582087546,6.336112487552711,Finca C
1604,2024-01-26 03:00:00,12.677818929402475,6.620080799334975,4.617726239344433,Finca C
1605,2024-01-26 04:00:00,12.206717451611851,6.651725647781797,6.674573736275688,Finca A
1606,2024-01-26 05:00:00,12.938397906279032,6.604667139174129,5.424206001665018,Finca B
1607,2024-01-26 06:00:00,11.613105400448214,6.71226703159948,5.491454816666355,Finca B
1608,2024-01-26 07:00:00,11.37767264834429,6.862467845846957,6.421950460595967,Finca A
1609,2024-01-26 08:00:00,11.11063987554786,6.732307927311603,7.71326279661017,Finca B
1610,2024-01-26 09:00:00,12.748022155744591,6.674764649787371,3.788028559738794,Finca B
1611,2024-01-26 10:00:00,12.32718282817703,6.670818873108446,7.211344568061534,Finca B
1612,2024-01-26 11:00:00,11.972207664544772,6.543680919130335,4.815723996854869,Finca C
1613,2024-01-26 12:00:00,12.13998431315991,6.788310977714716,5.4976375452787,Finca C
1614,2024-01-26 13:00:00,11.437255476350812,6.69221628029872,3.59860997948754,Finca A
1615,2024-01-26 14:00:00,13.222875989808413,6.681952008640938,4.854707350254409,Finca C
1616,2024-01-26 15:00:00,12.064610590987614,7.019310756784487,5.761840591835587,Finca B
1617,2024-01-26 16:00:00,12.054697397302446,6.729875290836569,3.7527923480634757,Finca C
1618,2024-01-26 17:00:00,12.362883311949346,6.624820894990481,5.709930782224243,Finca A
1619,2024-01-26 18:00:00,12.240504615868357,6.6573642403794455,7.671997829862923,Finca C
1620,2024-01-26 19:00:00,12.111942012139565,6.814844570919676,3.9742694814851234,Finca B
1621,2024-01-26 20:00:00,11.604762772277343,6.711327041053776,6.9399832763397695,Finca B
1622,2024-01-26 21:00:00,12.235734178567998,6.556172202168264,5.343519740191967,Finca A
1623,2024-01-26 22:00:00,12.941012248237517,6.791922893457521,6.448281715359521,Finca C
1624,2024-01-26 23:00:00,12.672710023077489,6.633185591446101,4.671064690933532,Finca C
1625,2024-01-27 00:00:00,12.796593313319699,6.887329777621755,4.2177151814361125,Finca C
1626,2024-01-27 01:00:00,11.744392161784408,6.808004806571465,4.222081764220519,Finca B
1627,2024-01-27 02:00:00,11.50519758987071,6.655267810434125,3.817213755394151,Finca A
1628,2024-01-27 03:00:00,11.937106539950175,6.828101636173511,4.335410172055593,Finca C
1629,2024-01-27 04:00:00,12.027862456144348,6.70678555105274,6.4889872324503575,Finca B
1630,2024-01-27 05:00:00,12.547095759235475,6.785277367512222,7.467607753295786,Finca B
1631,2024-01-27 06:00:00,11.15376768514259,6.7484732817294475,7.163565585160228,Finca B
1632,2024-01-27 07:00:00,12.764775159730307,6.615364334500913,6.583104394435178,Finca C
1633,2024-01-27 08:00:00,11.920996050710505,6.635645016768254,3.996943385349962,Finca C
1634,2024-01-27 09:00:00,11.78655946502629,6.802996081758116,4.801343508331774,Finca C
1635,2024-01-27 10:00:00,11.493947812369916,6.666522466789346,4.89413093895111,Finca C
1636,2024-01-27 11:00:00,11.172571664067116,6.659635153675801,4.624806258789295,Finca C
1637,2024-01-27 12:00:00,12.411585291980957,6.604487742065065,5.817525468693754,Finca C
1638,2024-01-27 13:00:00,12.036658983594203,6.742359906559346,5.909992166958526,Finca C
1639,2024-01-27 14:00:00,11.355019550129473,6.906252491924315,5.105986888269996,Finca C
1640,2024-01-27 15:00:00,11.352460613968193,6.593246708574573,5.092051214313962,Finca C
1641,2024-01-27 16:00:00,11.832107650354937,6.702421945667276,7.228500190577366,Finca B
1642,2024-01-27 17:00:00,12.834510762644696,6.841222055541543,7.051817817438585,Finca C
1643,2024-01-27 18:00:00,11.870204324318198,6.6920358608754285,4.885081242563356,Finca A
1644,2024-01-27 19:00:00,11.248428523440946,6.745237179624974,7.612047997429666,Finca B
1645,2024-01-27 20:00:00,11.877128467957029,6.593760647185312,7.787667576511277,Finca C
1646,2024-01-27 21:00:00,11.863638215126164,6.742830709720765,4.970341439135184,Finca A
1647,2024-01-27 22:00:00,10.651556678529214,6.6812855734995455,5.094912269568747,Finca C
1648,2024-01-27 23:00:00,11.972852566741095,6.798572999567987,5.7753536903988145,Finca A
1649,2024-01-28 00:00:00,11.88453273489566,6.818738605156475,7.735043656401531,Finca A
1650,2024-01-28 01:00:00,12.348103182406708,6.958956364201861,7.4434374491404025,Finca A
1651,2024-01-28 02:00:00,12.924478047472672,6.757963317321358,3.9615558316261543,Finca A
1652,2024-01-28 03:00:00,12.563282514773878,6.732579631658217,5.267288344721373,Finca B
1653,2024-01-28 04:00:00,11.865555654722584,6.719438430157734,5.990170353873973,Finca B
1654,2024-01-28 05:00:00,11.446737045629165,6.664683370718931,5.76409612648193,Finca A
1655,2024-01-28 06:00:00,13.28667990162493,6.733848384346169,4.372383805716017,Finca C
1656,2024-01-28 07:00:00,12.029609217007245,6.6704598589860975,7.364675470256696,Finca A
1657,2024-01-28 08:00:00,12.006964645956472,6.716846097626962,6.546233523485768,Finca B
1658,2024-01-28 09:00:00,11.987937456444998,6.831759753560796,7.270587686833116,Finca C
1659,2024-01-28 10:00:00,12.099042380383928,6.599345743472036,7.364439257072625,Finca B
1660,2024-01-28 11:00:00,11.92781979403803,5.5,6.8676013414958295,Finca B
1661,2024-01-28 12:00:00,11.713168996559881,6.831711506733987,5.476447705623728,Finca C
1662,2024-01-28 13:00:00,11.726570529379805,6.688193147300892,6.2474603975694105,Finca A
1663,2024-01-28 14:00:00,11.983623364892,6.487814510099141,4.221644327538844,Finca A
1664,2024-01-28 15:00:00,11.728287614433118,6.639217801290557,6.531404378637085,Finca A
1665,2024-01-28 16:00:00,-1.0,6.829699454656111,4.306639650826764,Finca A
1666,2024-01-28 17:00:00,12.053215113845948,6.697713193770112,6.622773157295706,Finca C
1667,2024-01-28 18:00:00,11.872511391289573,6.600069776770509,4.533191723392859,Finca C
1668,2024-01-28 19:00:00,12.751996494291344,6.649522507877179,4.02898085067599,Finca C
1669,2024-01-28 20:00:00,10.674515095803494,6.7840620026504554,4.243780205643309,Finca B
1670,2024-01-28 21:00:00,12.54575342596123,6.754673356820138,3.508964608485816,Finca C
1671,2024-01-28 22:00:00,12.623042596248814,6.676106790083031,6.734328280340886,Finca A
1672,2024-01-28 23:00:00,10.963304883795924,6.663317558818531,6.795804720762706,Finca B
1673,2024-01-29 00:00:00,11.828656202959825,6.660824185095618,5.8172000746096675,Finca A
1674,2024-01-29 01:00:00,11.814279567002105,6.60775898155015,4.2261326047492265,Finca A
1675,2024-01-29 02:00:00,11.296244152641089,6.861537568946944,3.875994518798104,Finca C
1676,2024-01-29 03:00:00,11.611091656204563,6.667767953078866,3.5860803489677915,Finca C
1677,2024-01-29 04:00:00,11.444712077267086,6.82171585208255,4.245866796343493,Finca A
1678,2024-01-29 05:00:00,12.876135221711811,6.852131605192246,7.50884990742416,Finca A
1679,2024-01-29 06:00:00,12.467839196573731,6.799831089814797,4.586915787657568,Finca B
1680,2024-01-29 07:00:00,12.63577754749708,6.656837968728196,5.094220972477471,Finca C
1681,2024-01-29 08:00:00,12.360836032021618,6.740373009033661,3.9740546801659993,Finca B
1682,2024-01-29 09:00:00,11.435474114391386,6.697580439360909,4.500625871366767,Finca B
1683,2024-01-29 10:00:00,11.737739866860114,6.609629813926987,5.836510568510922,Finca B
1684,2024-01-29 11:00:00,12.24468728061396,6.73243592817216,6.2348870739304365,Finca A
1685,2024-01-29 12:00:00,11.388936095554028,6.58209602088402,4.604085413747949,Finca B
1686,2024-01-29 13:00:00,12.356499215086194,6.818767938846157,3.7597947165130274,Finca B
1687,2024-01-29 14:00:00,11.879837300920933,6.653538270270161,5.259647911073294,Finca A
1688,2024-01-29 15:00:00,11.812589596225202,6.720115965587284,4.553915169168503,Finca C
1689,2024-01-29 16:00:00,12.355479984101745,6.728328787154615,4.487992654534109,Finca C
1690,2024-01-29 17:00:00,12.22213165574302,6.674109502629593,7.819382612210549,Finca B
1691,2024-01-29 18:00:00,11.81951691709046,6.758669380147528,6.2733521866657584,Finca A
1692,2024-01-29 19:00:00,12.579664901682124,6.652509634337748,6.005952994274431,Finca C
1693,2024-01-29 20:00:00,11.459468336200052,6.7871297297457245,5.370987965854948,Finca B
1694,2024-01-29 21:00:00,12.307967803472131,6.565402031975325,5.430249500435649,Finca B
1695,2024-01-29 22:00:00,12.296550628984193,6.712637957954642,5.934072517271364,Finca A
1696,2024-01-29 23:00:00,11.845226780343005,6.893892899905829,6.633934131662483,Finca B
1697,2024-01-30 00:00:00,12.163066511121059,6.599966867539442,6.659657432818232,Finca C
1698,2024-01-30 01:00:00,11.374443211807348,6.632225502947515,4.272622584674523,Finca A
1699,2024-01-30 02:00:00,12.46201350960345,6.751390784965892,5.750507384344822,Finca C
1700,2024-01-30 03:00:00,11.907548931778505,6.71795817819396,5.353811427653459,Finca C
1701,2024-01-30 04:00:00,11.738638489740481,6.735063009927356,7.417371348212229,Finca C
1702,2024-01-30 05:00:00,12.524504612918445,6.748918713014767,6.341385145482693,Finca B
1703,2024-01-30 06:00:00,11.64782815472862,6.763472146856177,5.896268298871918,Finca B
1704,2024-01-30 07:00:00,11.29576935181822,6.810969984195623,4.019275889805128,Finca C
1705,2024-01-30 08:00:00,11.221685413238049,6.740981865692851,6.225370501955352,Finca C
1706,2024-01-30 09:00:00,12.30300497567282,6.675874234538146,4.02741757556105,Finca A
1707,2024-01-30 10:00:00,11.359785323751858,6.767257370120273,5.017429590045884,Finca A
1708,2024-01-30 11:00:00,12.877397090992183,6.889988193489522,4.142788841664493,Finca B
1709,2024-01-30 12:00:00,10.95903529605814,6.686736625361743,6.61433141160966,Finca B
1710,2024-01-30 13:00:00,12.84822818414502,6.602547069532936,4.4281345122626865,Finca A
1711,2024-01-30 14:00:00,12.10550873360131,6.810708066928697,5.263367179346117,Finca C
1712,2024-01-30 15:00:00,11.951643444064803,6.687961883604641,7.530536499284504,Finca B
1713,2024-01-30 16:00:00,11.727540456595525,6.4827330453985965,4.419423725295366,Finca C
1714,2024-01-30 17:00:00,12.199568057176036,6.784742167715042,5.785122787814506,Finca A
1715,2024-01-30 18:00:00,11.981182648787575,6.646467181404608,5.386722475247099,Finca B
1716,2024-01-30 19:00:00,12.55165094100826,6.690946671769584,3.581558184705784,Finca B
1717,2024-01-30 20:00:00,12.05711382433102,6.733198033056902,7.067411511077657,Finca A
1718,2024-01-30 21:00:00,-1.0,6.719049967977907,3.8107065784156986,Finca B
1719,2024-01-30 22:00:00,11.818193893893072,6.770945181713904,5.634147594396291,Finca A
1720,2024-01-30 23:00:00,11.971527188139467,6.656451362943016,6.023052327225274,Finca B
1721,2024-01-31 00:00:00,12.15390088444603,6.751310579817608,6.327919054765642,Finca A
1722,2024-01-31 01:00:00,11.144915803671687,6.674045332241609,6.59884233188544,Finca B
1723,2024-01-31 02:00:00,11.325907288947143,6.77388104808875,4.639725725852218,Finca C
1724,2024-01-31 03:00:00,12.371632047011358,6.761536748401306,3.5449044949630224,Finca C
1725,2024-01-31 04:00:00,12.08543271906397,6.606456129795541,6.755496480597104,Finca C
1726,2024-01-31 05:00:00,-1.0,6.808598211617503,5.910454697064104,Finca B
1727,2024-01-31 06:00:00,12.009216966532696,6.646403655488595,7.26252966443262,Finca B
1728,2024-01-31 07:00:00,12.173790852680835,6.780805779828115,7.196247633053124,Finca C
1729,2024-01-31 08:00:00,11.730120159845319,6.7367287313401345,7.294967755045475,Finca C
1730,2024-01-31 09:00:00,11.610847637298845,6.883818367679512,5.682925969907931,Finca A
1731,2024-01-31 10:00:00,12.09792262754884,6.677653401762815,5.001327781265895,Finca A
1732,2024-01-31 11:00:00,11.510813611192484,6.665068320388181,7.062011911661164,Finca A
1733,2024-01-31 12:00:00,12.204126377857236,6.698058039411227,5.530823508631647,Finca C
1734,2024-01-31 13:00:00,11.14870819788108,6.669682021716572,4.325489883815456,Finca C
1735,2024-01-31 14:00:00,12.514577818662822,6.779994190194206,7.347383088026635,Finca C
1736,2024-01-31 15:00:00,12.236298741206522,6.538368939156341,7.471519445475563,Finca A
1737,2024-01-31 16:00:00,12.128014867156939,6.594631758085365,5.598393902630765,Finca B
1738,2024-01-31 17:00:00,12.491345491972757,5.5,3.8406487728940437,Finca C
1739,2024-01-31 18:00:00,12.832737222231287,6.795030759197358,5.245217404626191,Finca B
1740,2024-01-31 19:00:00,12.507185032509065,6.871061337258193,7.1159194675817155,Finca B
1741,2024-01-31 20:00:00,11.079562884334177,6.689555078146253,7.557983128458029,Finca B
1742,2024-01-31 21:00:00,11.36021151663215,6.6831178276809995,4.4156273412391815,Finca A
1743,2024-01-31 22:00:00,11.687590711152161,5.5,3.8013812541137217,Finca B
1744,2024-01-31 23:00:00,12.013045525105417,6.816187830260819,7.4480770390977735,Finca C
1745,2024-02-01 00:00:00,-1.0,6.607264686580943,5.252322225404939,Finca A
1746,2024-02-01 01:00:00,11.637128093423268,6.723836898273479,5.937924339204034,Finca C
1747,2024-02-01 02:00:00,12.093383382238539,6.797519762978244,7.856296154228415,Finca C
1748,2024-02-01 03:00:00,11.62230853382334,6.750109416993984,3.799541275614003,Finca A
1749,2024-02-01 04:00:00,11.694241098504026,6.718958161659875,6.41743103353443,Finca C
1750,2024-02-01 05:00:00,11.29666945157589,6.800104609256715,3.833474401586902,Finca C
1751,2024-02-01 06:00:00,11.538383376944548,6.429676770700077,5.189610178099252,Finca A
1752,2024-02-01 07:00:00,11.324157697191833,6.767787531953091,7.117165453370511,Finca C
1753,2024-02-01 08:00:00,11.512063373511333,6.634592431687258,5.450625047400354,Finca B
1754,2024-02-01 09:00:00,12.526820898303919,6.516936710314354,7.987320592563277,Finca C
1755,2024-02-01 10:00:00,11.525300555584028,6.751120259952498,6.01576678225971,Finca B
1756,2024-02-01 11:00:00,13.316191032418695,6.837365854516296,4.945229686861791,Finca C
1757,2024-02-01 12:00:00,12.246658950440445,6.686255148537231,4.490500966571389,Finca A
1758,2024-02-01 13:00:00,12.092418061847438,6.795287454720294,5.077342404287728,Finca A
1759,2024-02-01 14:00:00,11.570821109909394,6.861227825798864,5.176399731917979,Finca C
1760,2024-02-01 15:00:00,12.350154939704495,6.831491445358405,3.8092115497578245,Finca A
1761,2024-02-01 16:00:00,11.712181086881113,6.86399645293714,5.16308389742048,Finca C
1762,2024-02-01 17:00:00,12.061004907322681,6.774212749107189,5.589073338826513,Finca A
1763,2024-02-01 18:00:00,13.280042269134398,6.707543363890159,6.7523198850746216,Finca B
1764,2024-02-01 19:00:00,11.951970050137675,6.539803418810283,6.455282681247236,Finca C
1765,2024-02-01 20:00:00,12.574636663142838,6.675393751187006,6.689445448531194,Finca B
1766,2024-02-01 21:00:00,11.648411787437055,6.615675340468381,3.537636568445857,Finca B
1767,2024-02-01 22:00:00,11.98250575475152,6.917094271749781,4.479503298112412,Finca C
1768,2024-02-01 23:00:00,12.885400317817755,6.682411418756766,6.477579297799354,Finca B
1769,2024-02-02 00:00:00,11.686516471106117,6.712320480678449,5.677952156808862,Finca C
1770,2024-02-02 01:00:00,12.906224278998465,6.755148537604047,3.5239106405075566,Finca B
1771,2024-02-02 02:00:00,12.353875967727738,6.704360244637246,7.120225890943201,Finca C
1772,2024-02-02 03:00:00,11.718766612052866,6.869505104043076,6.977643079806518,Finca C
1773,2024-02-02 04:00:00,12.31620386952776,6.637735063826555,5.967886233471032,Finca A
1774,2024-02-02 05:00:00,12.486277224813366,6.719460745523724,3.7990849659932246,Finca C
1775,2024-02-02 06:00:00,12.310904981108598,6.625752941430195,6.94931772289663,Finca C
1776,2024-02-02 07:00:00,11.214887640054771,6.5679977488779295,6.1267111447911375,Finca B
1777,2024-02-02 08:00:00,11.636431412087566,6.638823090909471,7.0188198972108164,Finca C
1778,2024-02-02 09:00:00,-1.0,6.696296320295159,6.882861465781282,Finca A
1779,2024-02-02 10:00:00,11.962783285449976,6.657069777548275,7.113509323810267,Finca B
1780,2024-02-02 11:00:00,12.310336048775339,6.630757902012615,5.831036298820812,Finca B
1781,2024-02-02 12:00:00,12.088850500466627,6.559368253632817,4.131460331870818,Finca A
1782,2024-02-02 13:00:00,11.332327820644949,6.691689442737131,6.520208630208598,Finca B
1783,2024-02-02 14:00:00,12.190098925502982,6.5495279625969,6.292132032733868,Finca B
1784,2024-02-02 15:00:00,12.305292872641912,6.77600559636896,6.840139342395892,Finca B
1785,2024-02-02 16:00:00,12.27989522396552,6.708243975293451,4.264464527228309,Finca B
1786,2024-02-02 17:00:00,12.54039036277731,6.554244850053507,4.377388399551301,Finca A
1787,2024-02-02 18:00:00,12.416961077274452,6.669079092295014,7.506842827486978,Finca A
1788,2024-02-02 19:00:00,12.229590039614218,6.624784359440942,6.874900093034318,Finca B
1789,2024-02-02 20:00:00,11.964917144270677,6.731917451041919,7.587028199151453,Finca B
1790,2024-02-02 21:00:00,11.169519533242005,6.834045044602314,6.914218945237643,Finca A
1791,2024-02-02 22:00:00,12.214809109566293,6.5124827530354255,6.187198876956359,Finca A
1792,2024-02-02 23:00:00,12.103843843581556,6.711502607914742,6.443597316625432,Finca A
1793,2024-02-03 00:00:00,12.135789418597687,6.683986720443336,7.501075657730045,Finca B
1794,2024-02-03 01:00:00,11.361625712089845,6.767134007645047,6.104630395303732,Finca B
1795,2024-02-03 02:00:00,11.459471729795869,6.7213196628237695,6.345760959477744,Finca C
1796,2024-02-03 03:00:00,12.526576426666452,6.624803066826118,4.204145222016202,Finca A
1797,2024-02-03 04:00:00,11.980222423071673,6.668094606433338,5.632645490522462,Finca B
1798,2024-02-03 05:00:00,12.340750348686312,6.620397414319651,6.723787003811445,Finca A
1799,2024-02-03 06:00:00,12.01415918806523,6.80760071385986,4.719242142423644,Finca B
1800,2024-02-03 07:00:00,12.014878069747873,6.702131164867194,4.410143812360407,Finca A
1801,2024-02-03 08:00:00,12.469141902988,6.890119068575301,4.91222063700987,Finca B
1802,2024-02-03 09:00:00,11.741977635891313,6.693933918618538,4.586752825967751,Finca C
1803,2024-02-03 10:00:00,12.04806038847049,6.629159323308954,4.467106866663781,Finca C
1804,2024-02-03 11:00:00,11.768862355647478,6.548628560738718,5.411828792906391,Finca A
1805,2024-02-03 12:00:00,11.782751886283842,6.5196860323744055,7.585273312475904,Finca B
1806,2024-02-03 13:00:00,11.845413938265681,6.5415864056994515,5.781768410324233,Finca B
1807,2024-02-03 14:00:00,12.111066885816857,6.726712665101148,4.345641713668954,Finca A
1808,2024-02-03 15:00:00,11.760625689168261,6.750872502322993,3.846372512213933,Finca B
1809,2024-02-03 16:00:00,12.62787806278676,6.541880929796787,6.632702653120663,Finca A
1810,2024-02-03 17:00:00,11.552696348890247,6.789503831407612,5.222594439963745,Finca B
1811,2024-02-03 18:00:00,11.90656417791932,6.651693894831657,7.198239259634117,Finca A
1812,2024-02-03 19:00:00,11.780134470862912,6.714679301198555,6.467798458883466,Finca B
1813,2024-02-03 20:00:00,12.723488942176866,6.861222062825543,7.0830865274361585,Finca A
1814,2024-02-03 21:00:00,12.098277388255788,6.789683931586554,4.723757177383019,Finca B
1815,2024-02-03 22:00:00,12.515922269734318,6.673146935209417,6.615615151074762,Finca C
1816,2024-02-03 23:00:00,11.257219813481514,6.610880777458472,4.688278931121735,Finca B
1817,2024-02-04 00:00:00,12.13352513293463,6.4848184598670695,7.725808157526312,Finca A
1818,2024-02-04 01:00:00,12.444815397811718,6.628084668075759,6.363684266900185,Finca C
1819,2024-02-04 02:00:00,12.041141994637712,6.678886976117231,4.960303100789039,Finca B
1820,2024-02-04 03:00:00,12.532740187532676,6.601282047284882,4.712803380315227,Finca C
1821,2024-02-04 04:00:00,11.741355774949813,6.68687430329077,4.359169632822396,Finca B
1822,2024-02-04 05:00:00,12.70467372009279,6.707685188295877,6.625884315021775,Finca C
1823,2024-02-04 06:00:00,13.149449061809625,6.6775144018191925,4.484220258490673,Finca A
1824,2024-02-04 07:00:00,11.81858071978017,6.634999741917654,6.178864696673701,Finca B
1825,2024-02-04 08:00:00,11.777248739299614,5.5,4.690857621164108,Finca B
1826,2024-02-04 09:00:00,12.72669223855885,6.744194064956941,6.478860251572408,Finca A
1827,2024-02-04 10:00:00,12.789786072865356,6.590960092255716,7.167228778432426,Finca C
1828,2024-02-04 11:00:00,11.738569986423366,6.841093237974627,7.001113594150939,Finca A
1829,2024-02-04 12:00:00,11.789906591452072,6.690141186771574,6.923830989188518,Finca A
1830,2024-02-04 13:00:00,11.859107695569746,6.701884962294485,4.344750825615135,Finca C
1831,2024-02-04 14:00:00,11.327774744482861,6.770821442325656,3.8977322614303342,Finca A
1832,2024-02-04 15:00:00,11.540674026757902,6.72332161312635,6.645269728193235,Finca B
1833,2024-02-04 16:00:00,11.497929616623965,5.5,5.157562462074581,Finca B
1834,2024-02-04 17:00:00,11.616101217447936,6.728712416520183,5.445558018815063,Finca B
1835,2024-02-04 18:00:00,11.98265755630661,6.638756262535956,3.6401709175702597,Finca A
1836,2024-02-04 19:00:00,-1.0,6.73615035252061,4.668094021737721,Finca B
1837,2024-02-04 20:00:00,12.775250246407039,6.585627379267934,3.6515438174350883,Finca B
1838,2024-02-04 21:00:00,11.500822979630605,6.7108559705776525,7.456335976705614,Finca B
1839,2024-02-04 22:00:00,12.492161199238291,6.696677000935554,4.595285074483387,Finca B
1840,2024-02-04 23:00:00,11.893005577887246,6.679188314272746,6.0080172630785365,Finca B
1841,2024-02-05 00:00:00,11.975268145173784,6.6871462488561075,3.675406942975087,Finca B
1842,2024-02-05 01:00:00,12.337409746083303,6.5118150954502365,6.500813260875461,Finca A
1843,2024-02-05 02:00:00,11.43863898921885,6.645127509225904,4.953623055893423,Finca B
1844,2024-02-05 03:00:00,12.191204873092026,6.709284490114111,7.540636341309496,Finca B
1845,2024-02-05 04:00:00,12.083226104106528,6.71598563919974,7.496531850203161,Finca C
1846,2024-02-05 05:00:00,12.246225632004075,6.597232485907404,4.963807782627865,Finca A
1847,2024-02-05 06:00:00,12.144584321953909,6.826570784086471,7.5543240306071056,Finca A
1848,2024-02-05 07:00:00,13.227650069955446,6.61338251517855,7.982709530744505,Finca A
1849,2024-02-05 08:00:00,11.681130007874343,6.7969457200526735,7.214370488557766,Finca A
1850,2024-02-05 09:00:00,11.734501522499091,6.742719436187168,7.30192106489853,Finca B
1851,2024-02-05 10:00:00,11.688429736787619,6.63537726901562,4.620539312490905,Finca B
1852,2024-02-05 11:00:00,11.722261440419873,6.877531089260952,6.095160794859904,Finca C
1853,2024-02-05 12:00:00,11.681306436346741,6.580636316824352,3.8026516128531553,Finca C
1854,2024-02-05 13:00:00,12.594508265553776,6.791915417361,3.9271307156975137,Finca A
1855,2024-02-05 14:00:00,12.710252123994927,6.800058231804298,7.995016754149808,Finca C
1856,2024-02-05 15:00:00,11.714626853125262,6.632937979092335,4.969876622416599,Finca C
1857,2024-02-05 16:00:00,11.583822213447885,6.839246530006433,6.866827604219809,Finca A
1858,2024-02-05 17:00:00,12.235707778193202,6.674995348540105,7.129992738620674,Finca A
1859,2024-02-05 18:00:00,11.723888477859514,6.728869362927986,7.361104719532531,Finca C
1860,2024-02-05 19:00:00,12.316465908877756,6.726032183877122,7.989327338309704,Finca B
1861,2024-02-05 20:00:00,12.10146151042565,6.686569125852945,4.5867341836559055,Finca C
1862,2024-02-05 21:00:00,11.242127942501384,6.781080827315979,3.681578720868649,Finca C
1863,2024-02-05 22:00:00,12.77375260066503,6.7793488720552215,5.350361830975637,Finca B
1864,2024-02-05 23:00:00,12.89793883654776,6.525146802676182,4.0853630142302615,Finca B
1865,2024-02-06 00:00:00,11.693605654757807,6.830434024287816,3.600916501229248,Finca A
1866,2024-02-06 01:00:00,11.806149220032008,6.533750801196433,5.121920722136688,Finca A
1867,2024-02-06 02:00:00,12.142932695362452,6.803254620434166,7.026822129838564,Finca C
1868,2024-02-06 03:00:00,12.167228394993513,6.812670513682758,6.047813110512819,Finca B
1869,2024-02-06 04:00:00,12.329272136336415,6.5909033569784805,4.907500951446593,Finca A
1870,2024-02-06 05:00:00,13.005102269383174,6.658918571204541,6.444539024717239,Finca C
1871,2024-02-06 06:00:00,11.911526386252975,6.589429533151407,4.544081811389648,Finca B
1872,2024-02-06 07:00:00,11.600851377730773,6.6785078969711265,3.5647165073243827,Finca C
1873,2024-02-06 08:00:00,11.310340385992737,6.669196571581426,6.939590238963923,Finca A
1874,2024-02-06 09:00:00,11.63453498002904,6.777966053226934,6.306843881888041,Finca A
1875,2024-02-06 10:00:00,11.9834365135631,6.831030874611961,6.93036181025432,Finca B
1876,2024-02-06 11:00:00,12.897278931758894,6.839568381078996,3.675221075094495,Finca C
1877,2024-02-06 12:00:00,11.741194350481914,6.64378319734217,7.267038325237935,Finca B
1878,2024-02-06 13:00:00,12.111893975819449,6.679077812625548,6.287867900163365,Finca A
1879,2024-02-06 14:00:00,11.991788551963625,6.531656180777905,6.03527907820688,Finca A
1880,2024-02-06 15:00:00,12.594196636724043,6.619412993350381,6.310763216515392,Finca C
1881,2024-02-06 16:00:00,13.26346621293681,6.796485163309746,7.389949610907639,Finca C
1882,2024-02-06 17:00:00,11.73456561353984,6.861558282354824,6.141214279515082,Finca C
1883,2024-02-06 18:00:00,11.755280278740889,6.576565112812008,6.1142767094968065,Finca B
1884,2024-02-06 19:00:00,12.522080438534536,6.640753574084711,7.958056206795947,Finca C
1885,2024-02-06 20:00:00,12.340945744813157,6.697359424304108,6.905285751808556,Finca C
1886,2024-02-06 21:00:00,12.923353662868017,6.728016115881961,5.490322124530109,Finca A
1887,2024-02-06 22:00:00,12.291964092662981,6.619039648007836,6.683286500148174,Finca A
1888,2024-02-06 23:00:00,11.820353954606471,6.742406104446409,5.251537122613048,Finca C
1889,2024-02-07 00:00:00,12.295327415346154,6.652616065292909,4.5299395811757455,Finca C
1890,2024-02-07 01:00:00,12.554351790291454,6.698554772912172,6.185833445994918,Finca A
1891,2024-02-07 02:00:00,12.410241090598682,6.75462842480037,7.676819441512782,Finca C
1892,2024-02-07 03:00:00,12.253637015553648,6.700642226981094,7.681127840069582,Finca B
1893,2024-02-07 04:00:00,12.533337344794576,6.656361410947343,5.038573751474706,Finca B
1894,2024-02-07 05:00:00,12.584647795222835,6.689039019607417,5.874548597997627,Finca B
1895,2024-02-07 06:00:00,12.691079495518764,6.691163704079466,4.4523615435643755,Finca C
1896,2024-02-07 07:00:00,12.324354943794821,6.6629988970117875,7.980339992744976,Finca A
1897,2024-02-07 08:00:00,11.916440959841573,6.67412039373329,7.915030585405711,Finca C
1898,2024-02-07 09:00:00,12.073356843216661,6.859864717050472,6.422790183683513,Finca C
1899,2024-02-07 10:00:00,12.603254483254178,6.756091944794124,7.11986326854863,Finca A
1900,2024-02-07 11:00:00,11.591532164506383,6.670451968197084,6.7179507257766495,Finca A
1901,2024-02-07 12:00:00,12.18433665443645,6.769695440451073,6.169211985677607,Finca A
1902,2024-02-07 13:00:00,11.80333059383632,6.6666180510243995,3.7400659864500394,Finca B
1903,2024-02-07 14:00:00,12.01437241146741,6.817312463758665,5.546439541486975,Finca C
1904,2024-02-07 15:00:00,12.639225931303649,6.73696421921981,6.536538359753347,Finca A
1905,2024-02-07 16:00:00,12.095549534009951,6.689269785599577,6.548892262476581,Finca C
1906,2024-02-07 17:00:00,12.023218274078074,6.744771692581028,5.179051782900726,Finca B
1907,2024-02-07 18:00:00,11.320071929510041,6.5429123847931505,7.737613939961138,Finca B
1908,2024-02-07 19:00:00,12.37312678301361,6.58732325310902,4.253106645065515,Finca A
1909,2024-02-07 20:00:00,12.322742090570538,6.580607499360094,5.751617507970023,Finca A
1910,2024-02-07 21:00:00,13.08162736165273,6.7142943094763705,6.608977894478702,Finca C
1911,2024-02-07 22:00:00,11.846110882523499,6.873251499948509,6.637111126513142,Finca A
1912,2024-02-07 23:00:00,12.10957516383197,6.923130014619264,6.41887530545967,Finca C
1913,2024-02-08 00:00:00,12.124691841855377,6.763805110144076,4.738796960533371,Finca A
1914,2024-02-08 01:00:00,12.788726639881737,6.750084447494446,4.202929559089799,Finca C
1915,2024-02-08 02:00:00,11.952352233806524,6.519894226584726,6.3617314707201995,Finca C
1916,2024-02-08 03:00:00,12.13951076288517,6.645732620026598,6.19685952262747,Finca C
1917,2024-02-08 04:00:00,12.30394825485827,6.621221624809176,4.307102046301584,Finca C
1918,2024-02-08 05:00:00,12.09330456157818,6.637915240174888,6.673126155067536,Finca B
1919,2024-02-08 06:00:00,11.776783192724736,6.683185618141521,5.548273962801454,Finca C
1920,2024-02-08 07:00:00,12.097044996449155,6.652790942230287,6.504922662214188,Finca A
1921,2024-02-08 08:00:00,12.536815874929886,6.502070018962422,7.268151858965679,Finca B
1922,2024-02-08 09:00:00,11.48674235029447,6.774791025611753,4.263777928596154,Finca B
1923,2024-02-08 10:00:00,12.066484837073437,6.59272569742602,3.586151905985765,Finca C
1924,2024-02-08 11:00:00,11.649939592530414,6.723924686411115,7.005961638781041,Finca B
1925,2024-02-08 12:00:00,12.597523314462421,6.907408266974998,6.243638413186772,Finca C
1926,2024-02-08 13:00:00,11.238406547608113,6.608061540841358,6.648378063299548,Finca A
1927,2024-02-08 14:00:00,11.720539076364206,6.446971247725367,7.271697387448891,Finca C
1928,2024-02-08 15:00:00,12.18860593753226,6.6713995778119894,7.112649206710252,Finca B
1929,2024-02-08 16:00:00,12.78276201461717,6.810095963499857,7.824140661179711,Finca A
1930,2024-02-08 17:00:00,11.967124869463506,6.89583474542206,5.911707854834532,Finca C
1931,2024-02-08 18:00:00,11.722400236653401,6.577045040554759,5.698230346969574,Finca A
1932,2024-02-08 19:00:00,12.940578534720295,6.749669922323652,5.308492399508285,Finca A
1933,2024-02-08 20:00:00,11.275993049791879,6.653468954321995,4.19160969279892,Finca B
1934,2024-02-08 21:00:00,10.90059702168996,6.689405164569586,6.076732547969101,Finca A
1935,2024-02-08 22:00:00,12.220007225026666,6.9644343347017035,4.746556359466904,Finca B
1936,2024-02-08 23:00:00,11.748972887823694,6.549702967160485,7.645883804958389,Finca A
1937,2024-02-09 00:00:00,11.489383591434644,6.725373966149458,6.124358619246939,Finca C
1938,2024-02-09 01:00:00,12.354178223649676,6.746769317176543,6.167780812286496,Finca A
1939,2024-02-09 02:00:00,12.1219003568856,6.808578632493935,5.097160973946545,Finca C
1940,2024-02-09 03:00:00,11.717960684631636,6.70979831534709,3.7339520838996836,Finca C
1941,2024-02-09 04:00:00,11.359847800664554,6.7308050539504105,3.642846944178449,Finca A
1942,2024-02-09 05:00:00,12.436228664140073,6.660835143257821,5.405008148689388,Finca C
1943,2024-02-09 06:00:00,12.32510058897933,6.726912694124511,3.88054420143757,Finca A
1944,2024-02-09 07:00:00,11.950412068110309,6.665680772450259,6.230811299930626,Finca A
1945,2024-02-09 08:00:00,12.923318498023832,6.762157188985605,7.464378525378459,Finca C
1946,2024-02-09 09:00:00,11.464957616836923,6.663038966395637,7.47311667433425,Finca C
1947,2024-02-09 10:00:00,11.237237414537631,6.737710039390219,6.465704345595046,Finca B
1948,2024-02-09 11:00:00,11.654045965059378,6.697073718631502,4.450543241628189,Finca C
1949,2024-02-09 12:00:00,11.977206991822252,6.812605025077217,7.383485741114924,Finca B
1950,2024-02-09 13:00:00,12.121669724661347,6.694860627641152,7.487420458909437,Finca C
1951,2024-02-09 14:00:00,11.879381971071835,6.522696753179312,4.384941132288314,Finca A
1952,2024-02-09 15:00:00,12.176027698257148,6.8261921500714,6.818417385968047,Finca C
1953,2024-02-09 16:00:00,11.374230287904778,6.609426769913738,4.7893379701720535,Finca A
1954,2024-02-09 17:00:00,12.72188230203663,6.634623366135118,7.111881405588184,Finca A
1955,2024-02-09 18:00:00,11.958924410803716,6.640433870595651,7.987570549566212,Finca A
1956,2024-02-09 19:00:00,12.558647915794063,6.837443809317082,3.635117023982268,Finca B
1957,2024-02-09 20:00:00,12.171362673188852,6.48643257860213,7.538146396059194,Finca C
1958,2024-02-09 21:00:00,12.228376609576891,7.013774853366,6.301837401193961,Finca A
1959,2024-02-09 22:00:00,12.284883640116101,6.805605680906606,7.8802217862416954,Finca A
1960,2024-02-09 23:00:00,12.223854280008657,6.722323891412916,5.592542828868924,Finca B
1961,2024-02-10 00:00:00,12.321361379933771,6.694510599938371,7.313245687571182,Finca C
1962,2024-02-10 01:00:00,12.664576265066216,6.728555407485766,3.7807733086922477,Finca C
1963,2024-02-10 02:00:00,12.098260584850735,6.752112242837934,5.008755725352331,Finca B
1964,2024-02-10 03:00:00,12.354501878794256,6.764521558595006,3.8015744198804446,Finca B
1965,2024-02-10 04:00:00,11.955132152856386,6.755560446600345,7.889044100655817,Finca C
1966,2024-02-10 05:00:00,12.720058607724736,6.708958068125525,7.1763825827232655,Finca B
1967,2024-02-10 06:00:00,11.661803848970365,6.6802661579692675,7.336463395606867,Finca C
1968,2024-02-10 07:00:00,12.900470216455409,6.684872671634649,7.720843541452524,Finca C
1969,2024-02-10 08:00:00,11.979921024677829,6.680509171964732,3.882965687539034,Finca A
1970,2024-02-10 09:00:00,11.284612448940976,6.813377009686707,5.2351891663100005,Finca A
1971,2024-02-10 10:00:00,12.064052207455395,6.759355672228087,3.8196570006980095,Finca C
1972,2024-02-10 11:00:00,11.65947417126256,6.4059611365335725,4.448568956975128,Finca C
1973,2024-02-10 12:00:00,12.420321774494361,6.765590077652976,4.5321459966695254,Finca C
1974,2024-02-10 13:00:00,11.673688010348805,6.719473619471878,5.610982449714104,Finca C
1975,2024-02-10 14:00:00,11.77690828339261,6.69812912435541,4.7085297535413915,Finca C
1976,2024-02-10 15:00:00,11.055229634527235,6.661148154691111,3.954401480679925,Finca C
1977,2024-02-10 16:00:00,11.773846840375462,6.812411271998601,4.253709900923485,Finca B
1978,2024-02-10 17:00:00,10.788060336685522,6.794752646212286,4.16274003598441,Finca C
1979,2024-02-10 18:00:00,11.208048588257139,6.622712233217639,7.8788455906053425,Finca B
1980,2024-02-10 19:00:00,12.38020732807215,6.740705228712454,6.916816281133132,Finca B
1981,2024-02-10 20:00:00,12.392900079325416,6.602834326545872,7.854926593713029,Finca C
1982,2024-02-10 21:00:00,12.212728780892482,6.562038183521107,5.478832189285589,Finca C
1983,2024-02-10 22:00:00,11.516511928435394,6.637328277541004,4.752658167481955,Finca B
1984,2024-02-10 23:00:00,11.97614432192901,6.7862393472382765,7.09231938744134,Finca B
1985,2024-02-11 00:00:00,11.998198730454716,6.795312504537609,4.96814263118516,Finca C
1986,2024-02-11 01:00:00,11.420817655403729,6.751308542009729,4.847225181674068,Finca C
1987,2024-02-11 02:00:00,12.751699150883574,6.7725095786848,4.54627696493524,Finca B
1988,2024-02-11 03:00:00,12.438681145287836,6.751617828711496,4.083555402009059,Finca B
1989,2024-02-11 04:00:00,11.889517913085168,6.635851840477705,4.654083774575447,Finca B
1990,2024-02-11 05:00:00,12.013442919497265,6.743192254467394,5.098938868132494,Finca A
1991,2024-02-11 06:00:00,12.104191403973775,6.780040952522769,6.532973936655787,Finca B
1992,2024-02-11 07:00:00,10.979132565787854,6.775429132981357,3.781541789987532,Finca A
1993,2024-02-11 08:00:00,11.876411308739701,6.818891337147464,4.4472812284940435,Finca C
1994,2024-02-11 09:00:00,11.6590078760011,6.770830384720107,7.140606381312544,Finca C
1995,2024-02-11 10:00:00,11.499189995052543,6.735144820754159,4.161148656126969,Finca B
1996,2024-02-11 11:00:00,11.859449853557022,6.807015023831643,5.041903159351347,Finca C
1997,2024-02-11 12:00:00,12.89884326342476,6.697347874075094,7.39096514836163,Finca C
1998,2024-02-11 13:00:00,12.320421430633505,6.611812534877228,4.197163900145492,Finca C
1999,2024-02-11 14:00:00,11.714410505108601,6.683693303605624,3.8723157602818548,Finca C
2000,2024-02-11 15:00:00,12.286291390678079,6.625509735519355,5.680420977860049,Finca A
